window_id,truth,ae_score,threshold,raw,raw_cascade,encoded,encoded_cascade,concat,concat_cascade,temporal,temporal_cascade,single_raw,single_raw_cascade,single_temporal,single_temporal_cascade
test-0:0:16,0,0.19204234,0.18588954210281372,1,1,1,1,1,1,3,3,0,0,0,0
test-0:8:24,0,0.18415503,0.18588954210281372,2,0,3,0,2,0,3,0,2,0,0,0
test-0:16:32,0,0.16860814,0.18588954210281372,2,0,1,0,1,0,3,0,2,0,0,0
test-0:24:40,0,0.08376408,0.18588954210281372,1,0,1,0,1,0,3,0,0,0,0,0
test-0:32:48,0,0.10985866,0.18588954210281372,1,0,1,0,1,0,3,0,0,0,0,0
test-0:40:56,1,0.40387157,0.18588954210281372,3,3,1,1,3,3,1,1,1,1,1,1
test-0:48:64,1,0.44561264,0.18588954210281372,1,1,3,3,1,1,1,1,1,1,1,1
test-0:56:72,1,0.15168661,0.18588954210281372,2,0,3,0,2,0,1,0,3,0,1,0
test-0:64:80,0,0.1457231,0.18588954210281372,3,0,3,0,3,0,3,0,0,0,0,0
test-0:72:88,0,0.14285727,0.18588954210281372,3,0,3,0,3,0,3,0,0,0,0,0
test-0:80:96,0,0.1251782,0.18588954210281372,3,0,3,0,3,0,3,0,0,0,0,0
test-0:88:104,0,0.11267076,0.18588954210281372,1,0,1,0,1,0,3,0,0,0,0,0
test-0:96:112,0,0.124655545,0.18588954210281372,1,0,1,0,1,0,3,0,0,0,0,0
test-0:104:120,0,0.17746216,0.18588954210281372,2,0,1,0,1,0,3,0,2,0,0,0
test-0:112:128,0,0.18895514,0.18588954210281372,2,2,1,1,1,1,3,3,2,2,0,0
test-0:120:136,0,0.14337179,0.18588954210281372,1,0,1,0,1,0,3,0,0,0,0,0
test-0:128:144,0,0.13895048,0.18588954210281372,1,0,1,0,1,0,2,0,0,0,0,0
test-0:136:152,3,0.12514041,0.18588954210281372,1,0,1,0,1,0,3,0,0,0,0,0
test-0:144:160,3,0.22341383,0.18588954210281372,1,1,1,1,1,1,3,3,1,1,3,3
test-0:152:168,3,0.21016945,0.18588954210281372,2,2,2,2,2,2,3,3,2,2,3,3
test-0:160:176,3,0.29160574,0.18588954210281372,2,2,3,3,2,2,3,3,2,2,3,3
test-0:168:184,3,0.42573297,0.18588954210281372,2,2,3,3,3,3,3,3,2,2,2,2
test-0:176:192,3,0.65212566,0.18588954210281372,2,2,3,3,2,2,3,3,2,2,3,3
test-0:184:200,3,0.8442137,0.18588954210281372,3,3,1,1,2,2,3,3,2,2,3,3
test-0:192:208,3,0.5191073,0.18588954210281372,3,3,3,3,3,3,3,3,3,3,3,3
test-0:200:216,0,0.123489,0.18588954210281372,3,0,3,0,3,0,2,0,0,0,0,0
test-0:208:224,0,0.08839658,0.18588954210281372,1,0,1,0,3,0,3,0,0,0,0,0
test-0:216:232,0,0.10895347,0.18588954210281372,2,0,1,0,3,0,3,0,0,0,0,0
test-0:224:240,0,0.14277732,0.18588954210281372,1,0,1,0,1,0,3,0,0,0,0,0
test-0:232:248,0,0.07499073,0.18588954210281372,1,0,1,0,1,0,3,0,0,0,0,0
test-0:240:256,2,0.4329177,0.18588954210281372,2,2,3,3,3,3,2,2,2,2,2,2
test-0:248:264,2,0.7600944,0.18588954210281372,2,2,1,1,2,2,2,2,2,2,2,2
test-0:256:272,2,0.6781209,0.18588954210281372,2,2,3,3,2,2,2,2,2,2,2,2
test-0:264:280,2,0.7306846,0.18588954210281372,2,2,3,3,2,2,2,2,2,2,2,2
test-0:272:288,2,0.4738983,0.18588954210281372,3,3,1,1,3,3,2,2,2,2,2,2
test-0:280:296,0,0.168109,0.18588954210281372,3,0,3,0,3,0,3,0,0,0,0,0
test-0:288:304,0,0.15056305,0.18588954210281372,3,0,3,0,3,0,3,0,0,0,0,0
test-0:296:312,0,0.14601924,0.18588954210281372,3,0,3,0,3,0,3,0,0,0,0,0
test-0:304:320,0,0.1135224,0.18588954210281372,1,0,1,0,1,0,3,0,0,0,0,0
test-1:0:16,0,0.072677076,0.18588954210281372,1,0,1,0,1,0,3,0,0,0,0,0
test-1:8:24,0,0.12770838,0.18588954210281372,1,0,1,0,1,0,3,0,3,0,0,0
test-1:16:32,0,0.16369982,0.18588954210281372,2,0,3,0,1,0,3,0,3,0,0,0
test-1:24:40,0,0.18629181,0.18588954210281372,2,2,1,1,2,2,3,3,2,2,0,0
test-1:32:48,2,0.30911162,0.18588954210281372,2,2,2,2,3,3,2,2,0,0,2,2
test-1:40:56,2,0.33807293,0.18588954210281372,1,1,1,1,1,1,2,2,0,0,2,2
test-1:48:64,2,0.34516105,0.18588954210281372,1,1,1,1,3,3,2,2,2,2,2,2
test-1:56:72,2,0.33121064,0.18588954210281372,1,1,2,2,1,1,2,2,2,2,2,2
test-1:64:80,2,0.23078376,0.18588954210281372,1,1,1,1,1,1,2,2,1,1,2,2
test-1:72:88,2,0.11757401,0.18588954210281372,3,0,3,0,3,0,2,0,0,0,2,0
test-1:80:96,0,0.12082058,0.18588954210281372,3,0,3,0,3,0,3,0,0,0,0,0
test-1:88:104,0,0.12538742,0.18588954210281372,3,0,3,0,3,0,3,0,0,0,0,0
test-1:96:112,0,0.13978115,0.18588954210281372,3,0,1,0,3,0,3,0,0,0,0,0
test-1:104:120,0,0.13995402,0.18588954210281372,3,0,3,0,3,0,3,0,0,0,0,0
test-1:112:128,0,0.10189334,0.18588954210281372,3,0,1,0,3,0,3,0,3,0,0,0
test-1:120:136,0,0.094167255,0.18588954210281372,3,0,1,0,3,0,3,0,3,0,0,0
test-1:128:144,0,0.110883415,0.18588954210281372,3,0,1,0,1,0,3,0,2,0,0,0
test-1:136:152,3,0.16145158,0.18588954210281372,1,0,1,0,1,0,3,0,1,0,0,0
test-1:144:160,3,0.24220116,0.18588954210281372,1,1,3,3,1,1,3,3,3,3,3,3
test-1:152:168,3,0.3137057,0.18588954210281372,2,2,1,1,2,2,3,3,2,2,3,3
test-1:160:176,3,0.46828791,0.18588954210281372,2,2,3,3,2,2,3,3,2,2,3,3
test-1:168:184,3,0.80885273,0.18588954210281372,2,2,3,3,2,2,3,3,2,2,3,3
test-1:176:192,3,1.1984009,0.18588954210281372,2,2,3,3,2,2,3,3,2,2,3,3
test-1:184:200,3,0.9578913,0.18588954210281372,2,2,1,1,2,2,3,3,2,2,3,3
test-1:192:208,3,0.28956375,0.18588954210281372,3,3,3,3,3,3,2,2,0,0,2,2
test-1:200:216,0,0.11432337,0.18588954210281372,3,0,3,0,3,0,2,0,0,0,0,0
test-1:208:224,0,0.122108795,0.18588954210281372,3,0,1,0,3,0,3,0,0,0,0,0
test-1:216:232,0,0.09558285,0.18588954210281372,1,0,1,0,1,0,3,0,0,0,0,0
test-1:224:240,0,0.20011754,0.18588954210281372,3,3,1,1,3,3,3,3,3,3,0,0
test-1:232:248,0,0.17815976,0.18588954210281372,1,0,3,0,3,0,1,0,3,0,0,0
test-1:240:256,1,1.0717529,0.18588954210281372,2,2,3,3,2,2,1,1,2,2,1,1
test-1:248:264,1,1.033914,0.18588954210281372,2,2,2,2,2,2,1,1,2,2,1,1
test-1:256:272,0,0.12501322,0.18588954210281372,3,0,1,0,3,0,3,0,0,0,0,0
test-1:264:280,0,0.12364396,0.18588954210281372,1,0,3,0,1,0,3,0,0,0,0,0
test-1:272:288,0,0.150712,0.18588954210281372,2,0,3,0,3,0,3,0,3,0,0,0
test-1:280:296,0,0.13100503,0.18588954210281372,2,0,3,0,2,0,3,0,3,0,0,0
test-1:288:304,0,0.13119124,0.18588954210281372,3,0,3,0,3,0,3,0,3,0,0,0
test-1:296:312,0,0.13281088,0.18588954210281372,3,0,3,0,3,0,3,0,0,0,0,0
test-1:304:320,0,0.12073076,0.18588954210281372,3,0,2,0,3,0,3,0,3,0,0,0
test-2:0:16,0,0.19237565,0.18588954210281372,1,1,1,1,1,1,3,3,0,0,0,0
test-2:8:24,0,0.1369163,0.18588954210281372,2,0,1,0,1,0,3,0,0,0,0,0
test-2:16:32,0,0.092970826,0.18588954210281372,1,0,3,0,1,0,3,0,0,0,0,0
test-2:24:40,0,0.09718884,0.18588954210281372,3,0,3,0,3,0,3,0,0,0,0,0
test-2:32:48,1,0.32089925,0.18588954210281372,1,1,1,1,3,3,1,1,0,0,1,1
test-2:40:56,1,0.3152885,0.18588954210281372,1,1,1,1,1,1,1,1,1,1,1,1
test-2:48:64,0,0.10303203,0.18588954210281372,3,0,3,0,3,0,3,0,0,0,0,0
test-2:56:72,0,0.07725098,0.18588954210281372,3,0,3,0,3,0,3,0,0,0,0,0
test-2:64:80,0,0.12413699,0.18588954210281372,3,0,3,0,1,0,3,0,0,0,3,0
test-2:72:88,0,0.12338833,0.18588954210281372,3,0,3,0,3,0,3,0,0,0,0,0
test-2:80:96,0,0.11362857,0.18588954210281372,3,0,2,0,3,0,3,0,0,0,0,0
test-2:88:104,0,0.08366605,0.18588954210281372,1,0,1,0,1,0,3,0,0,0,0,0
test-2:96:112,0,0.15533645,0.18588954210281372,1,0,1,0,1,0,3,0,0,0,0,0
test-2:104:120,0,0.1486503,0.18588954210281372,1,0,1,0,3,0,3,0,1,0,0,0
test-2:112:128,0,0.12537962,0.18588954210281372,2,0,1,0,3,0,3,0,0,0,0,0
test-2:120:136,0,0.06401699,0.18588954210281372,3,0,1,0,3,0,3,0,0,0,0,0
test-2:128:144,2,0.36302873,0.18588954210281372,1,1,1,1,2,2,2,2,2,2,2,2
test-2:136:152,2,0.65471363,0.18588954210281372,2,2,1,1,2,2,2,2,2,2,2,2
test-2:144:160,2,0.56371516,0.18588954210281372,2,2,3,3,2,2,2,2,2,2,2,2
test-2:152:168,2,0.5396351,0.18588954210281372,2,2,3,3,2,2,2,2,2,2,2,2
test-2:160:176,2,0.3885636,0.18588954210281372,2,2,3,3,2,2,2,2,2,2,2,2
test-2:168:184,2,0.14374085,0.18588954210281372,3,0,3,0,3,0,2,0,0,0,2,0
test-2:176:192,0,0.08373193,0.18588954210281372,3,0,3,0,3,0,3,0,0,0,0,0
test-2:184:200,0,0.06996602,0.18588954210281372,1,0,1,0,1,0,3,0,0,0,0,0
test-2:192:208,0,0.10366828,0.18588954210281372,1,0,3,0,1,0,1,0,0,0,0,0
test-2:200:216,0,0.089502156,0.18588954210281372,3,0,3,0,3,0,3,0,0,0,0,0
test-2:208:224,0,0.114159144,0.18588954210281372,3,0,3,0,1,0,3,0,0,0,0,0
test-2:216:232,0,0.094215535,0.18588954210281372,1,0,1,0,1,0,3,0,0,0,0,0
test-2:224:240,3,0.120348275,0.18588954210281372,1,0,1,0,1,0,3,0,0,0,0,0
test-2:232:248,3,0.141571,0.18588954210281372,2,0,1,0,1,0,3,0,0,0,3,0
test-2:240:256,3,0.15409158,0.18588954210281372,2,0,1,0,2,0,3,0,2,0,3,0
test-2:248:264,3,0.15118043,0.18588954210281372,2,0,1,0,2,0,3,0,2,0,3,0
test-2:256:272,3,0.12890117,0.18588954210281372,2,0,1,0,2,0,3,0,0,0,3,0
test-2:264:280,3,0.22126655,0.18588954210281372,2,2,2,2,2,2,3,3,2,2,3,3
test-2:272:288,3,0.34267417,0.18588954210281372,2,2,1,1,2,2,3,3,2,2,2,2
test-2:280:296,3,0.24992348,0.18588954210281372,1,1,1,1,1,1,3,3,0,0,3,3
test-2:288:304,0,0.12874283,0.18588954210281372,3,0,3,0,3,0,3,0,0,0,0,0
test-2:296:312,0,0.09740505,0.18588954210281372,3,0,3,0,3,0,3,0,0,0,0,0
test-2:304:320,0,0.084010094,0.18588954210281372,1,0,1,0,1,0,3,0,0,0,0,0
test-3:0:16,0,0.120769046,0.18588954210281372,3,0,1,0,3,0,3,0,3,0,3,0
test-3:8:24,0,0.13717616,0.18588954210281372,1,0,1,0,3,0,1,0,0,0,0,0
test-3:16:32,0,0.087060116,0.18588954210281372,3,0,1,0,3,0,3,0,0,0,0,0
test-3:24:40,0,0.14964952,0.18588954210281372,1,0,1,0,1,0,3,0,1,0,0,0
test-3:32:48,0,0.1482984,0.18588954210281372,3,0,1,0,3,0,3,0,0,0,0,0
test-3:40:56,3,0.098227076,0.18588954210281372,3,0,1,0,3,0,3,0,0,0,0,0
test-3:48:64,3,0.13126524,0.18588954210281372,3,0,1,0,3,0,3,0,0,0,3,0
test-3:56:72,3,0.22022378,0.18588954210281372,3,3,1,1,3,3,3,3,3,3,3,3
test-3:64:80,3,0.47998562,0.18588954210281372,2,2,1,1,2,2,3,3,2,2,3,3
test-3:72:88,3,0.8991129,0.18588954210281372,2,2,1,1,2,2,3,3,2,2,3,3
test-3:80:96,3,1.2523507,0.18588954210281372,2,2,2,2,2,2,3,3,2,2,3,3
test-3:88:104,3,1.154337,0.18588954210281372,2,2,2,2,2,2,3,3,2,2,3,3
test-3:96:112,3,0.49091378,0.18588954210281372,2,2,1,1,3,3,3,3,2,2,3,3
test-3:104:120,0,0.114827454,0.18588954210281372,3,0,1,0,3,0,3,0,0,0,0,0
test-3:112:128,0,0.07210889,0.18588954210281372,3,0,3,0,3,0,3,0,0,0,0,0
test-3:120:136,0,0.11222703,0.18588954210281372,1,0,1,0,1,0,3,0,0,0,3,0
test-3:128:144,0,0.14146785,0.18588954210281372,1,0,1,0,1,0,3,0,1,0,0,0
test-3:136:152,1,0.39595547,0.18588954210281372,2,2,1,1,2,2,3,3,3,3,3,3
test-3:144:160,1,0.36270466,0.18588954210281372,2,2,1,1,3,3,1,1,3,3,1,1
test-3:152:168,0,0.09318894,0.18588954210281372,3,0,1,0,3,0,3,0,0,0,0,0
test-3:160:176,0,0.11833752,0.18588954210281372,3,0,1,0,3,0,2,0,0,0,0,0
test-3:168:184,0,0.1605862,0.18588954210281372,1,0,1,0,1,0,2,0,0,0,0,0
test-3:176:192,0,0.13450132,0.18588954210281372,3,0,1,0,1,0,3,0,0,0,0,0
test-3:184:200,0,0.118577264,0.18588954210281372,3,0,3,0,3,0,3,0,0,0,0,0
test-3:192:208,0,0.10643148,0.18588954210281372,3,0,3,0,3,0,3,0,0,0,0,0
test-3:200:216,0,0.10425556,0.18588954210281372,3,0,3,0,3,0,3,0,0,0,0,0
test-3:208:224,0,0.09796041,0.18588954210281372,3,0,2,0,3,0,3,0,0,0,0,0
test-3:216:232,0,0.12610692,0.18588954210281372,1,0,1,0,1,0,3,0,1,0,0,0
test-3:224:240,2,1.4627775,0.18588954210281372,2,2,1,1,1,1,2,2,2,2,2,2
test-3:232:248,2,2.4023962,0.18588954210281372,2,2,2,2,2,2,2,2,2,2,2,2
test-3:240:256,2,2.1785479,0.18588954210281372,2,2,2,2,2,2,2,2,2,2,2,2
test-3:248:264,2,2.2855203,0.18588954210281372,2,2,2,2,2,2,2,2,2,2,2,2
test-3:256:272,2,1.7176596,0.18588954210281372,2,2,2,2,2,2,2,2,1,1,2,2
test-3:264:280,2,0.4303054,0.18588954210281372,1,1,1,1,1,1,2,2,0,0,2,2
test-3:272:288,0,0.104624964,0.18588954210281372,1,0,1,0,1,0,3,0,0,0,0,0
test-3:280:296,0,0.1305983,0.18588954210281372,2,0,3,0,3,0,2,0,0,0,0,0
test-3:288:304,0,0.114219844,0.18588954210281372,2,0,3,0,2,0,2,0,0,0,0,0
test-3:296:312,0,0.103592545,0.18588954210281372,3,0,3,0,3,0,2,0,0,0,0,0
test-3:304:320,0,0.124894865,0.18588954210281372,3,0,3,0,3,0,3,0,0,0,0,0
test-4:0:16,0,0.11315825,0.18588954210281372,2,0,1,0,2,0,3,0,0,0,0,0
test-4:8:24,0,0.12917481,0.18588954210281372,2,0,3,0,2,0,3,0,0,0,0,0
test-4:16:32,0,0.12465659,0.18588954210281372,1,0,3,0,1,0,3,0,1,0,0,0
test-4:24:40,0,0.1357531,0.18588954210281372,2,0,3,0,2,0,3,0,0,0,0,0
test-4:32:48,1,0.87977123,0.18588954210281372,3,3,3,3,3,3,1,1,1,1,1,1
test-4:40:56,1,0.98852545,0.18588954210281372,1,1,3,3,1,1,1,1,1,1,1,1
test-4:48:64,0,0.18202166,0.18588954210281372,1,0,1,0,1,0,2,0,1,0,0,0
test-4:56:72,0,0.09571546,0.18588954210281372,1,0,1,0,1,0,3,0,0,0,0,0
test-4:64:80,0,0.086241044,0.18588954210281372,2,0,3,0,1,0,1,0,2,0,0,0
test-4:72:88,0,0.09393898,0.18588954210281372,2,0,1,0,2,0,2,0,0,0,0,0
test-4:80:96,0,0.091486104,0.18588954210281372,2,0,1,0,2,0,3,0,0,0,0,0
test-4:88:104,0,0.071618,0.18588954210281372,1,0,1,0,2,0,3,0,0,0,0,0
test-4:96:112,0,0.1001753,0.18588954210281372,2,0,3,0,2,0,3,0,0,0,0,0
test-4:104:120,0,0.110488646,0.18588954210281372,2,0,3,0,2,0,3,0,2,0,0,0
test-4:112:128,0,0.1167259,0.18588954210281372,2,0,3,0,2,0,3,0,2,0,0,0
test-4:120:136,0,0.10805241,0.18588954210281372,2,0,3,0,3,0,3,0,0,0,3,0
test-4:128:144,0,0.115505435,0.18588954210281372,3,0,2,0,3,0,3,0,0,0,0,0
test-4:136:152,2,0.32699475,0.18588954210281372,2,2,1,1,2,2,2,2,0,0,2,2
test-4:144:160,2,1.3655181,0.18588954210281372,2,2,2,2,2,2,2,2,2,2,2,2
test-4:152:168,2,2.1711588,0.18588954210281372,2,2,2,2,2,2,2,2,2,2,2,2
test-4:160:176,2,2.2089303,0.18588954210281372,2,2,2,2,2,2,2,2,2,2,2,2
test-4:168:184,2,2.1451008,0.18588954210281372,2,2,1,1,2,2,2,2,2,2,2,2
test-4:176:192,2,1.0980631,0.18588954210281372,2,2,1,1,2,2,2,2,2,2,2,2
test-4:184:200,0,0.13139561,0.18588954210281372,2,0,1,0,2,0,2,0,2,0,0,0
test-4:192:208,0,0.16266362,0.18588954210281372,2,0,3,0,2,0,3,0,2,0,0,0
test-4:200:216,0,0.12025774,0.18588954210281372,1,0,1,0,1,0,3,0,0,0,0,0
test-4:208:224,0,0.1001933,0.18588954210281372,1,0,1,0,2,0,3,0,0,0,0,0
test-4:216:232,0,0.09686943,0.18588954210281372,2,0,3,0,2,0,1,0,0,0,0,0
test-4:224:240,0,0.11425415,0.18588954210281372,3,0,3,0,1,0,3,0,0,0,3,0
test-4:232:248,3,0.08609996,0.18588954210281372,1,0,3,0,1,0,3,0,0,0,0,0
test-4:240:256,3,0.15517117,0.18588954210281372,3,0,3,0,3,0,3,0,0,0,3,0
test-4:248:264,3,0.35597408,0.18588954210281372,3,3,2,2,3,3,2,2,0,0,3,3
test-4:256:272,3,0.64434165,0.18588954210281372,3,3,2,2,3,3,3,3,3,3,3,3
test-4:264:280,3,1.0907968,0.18588954210281372,2,2,2,2,2,2,3,3,2,2,3,3
test-4:272:288,3,1.9528103,0.18588954210281372,2,2,2,2,2,2,3,3,2,2,3,3
test-4:280:296,3,1.806516,0.18588954210281372,2,2,2,2,2,2,3,3,2,2,3,3
test-4:288:304,3,0.386821,0.18588954210281372,2,2,1,1,2,2,3,3,0,0,3,3
test-4:296:312,0,0.06512043,0.18588954210281372,1,0,1,0,1,0,3,0,0,0,0,0
test-4:304:320,0,0.06125313,0.18588954210281372,1,0,1,0,1,0,3,0,0,0,0,0
test-5:0:16,0,0.14638342,0.18588954210281372,1,0,1,0,1,0,3,0,0,0,0,0
test-5:8:24,0,0.17282642,0.18588954210281372,2,0,3,0,2,0,3,0,2,0,0,0
test-5:16:32,0,0.191177,0.18588954210281372,2,2,3,3,2,2,3,3,2,2,0,0
test-5:24:40,0,0.18687636,0.18588954210281372,2,2,3,3,2,2,3,3,2,2,0,0
test-5:32:48,0,0.12807243,0.18588954210281372,3,0,3,0,3,0,3,0,0,0,0,0
test-5:40:56,0,0.13275711,0.18588954210281372,1,0,1,0,1,0,3,0,0,0,0,0
test-5:48:64,2,0.33669195,0.18588954210281372,1,1,1,1,1,1,2,2,1,1,2,2
test-5:56:72,2,0.41017732,0.18588954210281372,2,2,1,1,2,2,2,2,2,2,2,2
test-5:64:80,2,0.32209417,0.18588954210281372,2,2,1,1,2,2,2,2,2,2,2,2
test-5:72:88,2,0.30858672,0.18588954210281372,2,2,1,1,2,2,2,2,2,2,2,2
test-5:80:96,2,0.2314012,0.18588954210281372,1,1,1,1,1,1,2,2,0,0,2,2
test-5:88:104,0,0.09481481,0.18588954210281372,1,0,1,0,1,0,3,0,0,0,0,0
test-5:96:112,0,0.086216986,0.18588954210281372,1,0,1,0,1,0,3,0,0,0,0,0
test-5:104:120,0,0.11173702,0.18588954210281372,1,0,1,0,1,0,3,0,0,0,0,0
test-5:112:128,0,0.09374348,0.18588954210281372,1,0,1,0,1,0,3,0,1,0,0,0
test-5:120:136,0,0.06720758,0.18588954210281372,3,0,3,0,1,0,3,0,0,0,0,0
test-5:128:144,3,0.09875155,0.18588954210281372,2,0,3,0,3,0,3,0,0,0,0,0
test-5:136:152,3,0.1304732,0.18588954210281372,3,0,1,0,3,0,3,0,0,0,3,0
test-5:144:160,3,0.19725896,0.18588954210281372,3,3,1,1,3,3,3,3,3,3,3,3
test-5:152:168,3,0.28693348,0.18588954210281372,3,3,1,1,2,2,3,3,3,3,3,3
test-5:160:176,3,0.44727635,0.18588954210281372,2,2,1,1,2,2,3,3,2,2,3,3
test-5:168:184,3,0.5560462,0.18588954210281372,2,2,2,2,2,2,3,3,3,3,3,3
test-5:176:192,3,0.4990133,0.18588954210281372,3,3,1,1,1,1,3,3,3,3,3,3
test-5:184:200,3,0.18783702,0.18588954210281372,1,1,1,1,1,1,3,3,0,0,3,3
test-5:192:208,0,0.10037608,0.18588954210281372,1,0,1,0,1,0,3,0,0,0,0,0
test-5:200:216,0,0.15205505,0.18588954210281372,1,0,1,0,1,0,3,0,0,0,0,0
test-5:208:224,0,0.14502172,0.18588954210281372,1,0,1,0,2,0,3,0,0,0,0,0
test-5:216:232,0,0.08885112,0.18588954210281372,1,0,1,0,1,0,3,0,0,0,0,0
test-5:224:240,1,0.3894849,0.18588954210281372,2,2,3,3,1,1,1,1,2,2,1,1
test-5:232:248,1,0.41332617,0.18588954210281372,1,1,1,1,1,1,1,1,1,1,1,1
test-5:240:256,1,0.16000511,0.18588954210281372,1,0,3,0,1,0,1,0,0,0,1,0
test-5:248:264,0,0.110563226,0.18588954210281372,3,0,3,0,1,0,3,0,0,0,0,0
test-5:256:272,0,0.11487859,0.18588954210281372,1,0,1,0,1,0,3,0,0,0,0,0
test-5:264:280,0,0.12079222,0.18588954210281372,1,0,1,0,1,0,3,0,0,0,0,0
test-5:272:288,0,0.14357771,0.18588954210281372,1,0,1,0,1,0,3,0,1,0,0,0
test-5:280:296,0,0.110547334,0.18588954210281372,1,0,3,0,1,0,2,0,2,0,2,0
test-5:288:304,0,0.14838827,0.18588954210281372,2,0,1,0,2,0,3,0,0,0,0,0
test-5:296:312,0,0.11972571,0.18588954210281372,1,0,1,0,1,0,3,0,0,0,0,0
test-5:304:320,0,0.102523945,0.18588954210281372,1,0,1,0,1,0,3,0,0,0,0,0
test-6:0:16,0,0.08265496,0.18588954210281372,3,0,3,0,3,0,3,0,0,0,0,0
test-6:8:24,0,0.08965078,0.18588954210281372,1,0,1,0,1,0,3,0,0,0,3,0
test-6:16:32,0,0.12450626,0.18588954210281372,3,0,3,0,3,0,3,0,0,0,0,0
test-6:24:40,0,0.059303742,0.18588954210281372,3,0,3,0,3,0,3,0,0,0,0,0
test-6:32:48,0,0.07859816,0.18588954210281372,1,0,1,0,1,0,3,0,0,0,0,0
test-6:40:56,1,0.67134094,0.18588954210281372,2,2,1,1,2,2,1,1,2,2,1,1
test-6:48:64,1,0.63283765,0.18588954210281372,2,2,3,3,2,2,1,1,2,2,1,1
test-6:56:72,0,0.07805614,0.18588954210281372,1,0,3,0,1,0,3,0,0,0,0,0
test-6:64:80,0,0.06402666,0.18588954210281372,3,0,1,0,2,0,3,0,0,0,0,0
test-6:72:88,0,0.07458931,0.18588954210281372,1,0,1,0,1,0,3,0,0,0,0,0
test-6:80:96,0,0.09669911,0.18588954210281372,1,0,1,0,2,0,3,0,0,0,0,0
test-6:88:104,0,0.078963466,0.18588954210281372,1,0,3,0,3,0,3,0,0,0,3,0
test-6:96:112,0,0.115253784,0.18588954210281372,2,0,3,0,3,0,3,0,0,0,3,0
test-6:104:120,0,0.08244126,0.18588954210281372,3,0,3,0,1,0,3,0,0,0,0,0
test-6:112:128,0,0.08197402,0.18588954210281372,3,0,3,0,3,0,3,0,0,0,0,0
test-6:120:136,0,0.08685509,0.18588954210281372,3,0,2,0,3,0,3,0,0,0,0,0
test-6:128:144,0,0.10291215,0.18588954210281372,1,0,1,0,1,0,3,0,0,0,0,0
test-6:136:152,0,0.14319713,0.18588954210281372,1,0,1,0,1,0,1,0,1,0,3,0
test-6:144:160,2,0.8515954,0.18588954210281372,2,2,3,3,2,2,2,2,2,2,2,2
test-6:152:168,2,1.8178273,0.18588954210281372,2,2,1,1,2,2,2,2,2,2,2,2
test-6:160:176,2,2.0663588,0.18588954210281372,2,2,1,1,2,2,2,2,2,2,2,2
test-6:168:184,2,1.8300844,0.18588954210281372,2,2,3,3,2,2,2,2,2,2,2,2
test-6:176:192,2,0.9189964,0.18588954210281372,2,2,3,3,2,2,2,2,2,2,2,2
test-6:184:200,0,0.1104362,0.18588954210281372,2,0,1,0,2,0,3,0,2,0,0,0
test-6:192:208,0,0.10407842,0.18588954210281372,2,0,3,0,2,0,2,0,0,0,0,0
test-6:200:216,0,0.09685286,0.18588954210281372,2,0,3,0,3,0,3,0,0,0,0,0
test-6:208:224,0,0.07189923,0.18588954210281372,3,0,3,0,3,0,3,0,0,0,0,0
test-6:216:232,0,0.049318433,0.18588954210281372,3,0,3,0,3,0,1,0,0,0,0,0
test-6:224:240,0,0.055147618,0.18588954210281372,3,0,1,0,1,0,3,0,0,0,3,0
test-6:232:248,3,0.095692486,0.18588954210281372,1,0,1,0,1,0,3,0,0,0,0,0
test-6:240:256,3,0.18322587,0.18588954210281372,2,0,3,0,2,0,3,0,2,0,3,0
test-6:248:264,3,0.2514955,0.18588954210281372,2,2,1,1,2,2,3,3,2,2,3,3
test-6:256:272,3,0.4218199,0.18588954210281372,2,2,1,1,2,2,3,3,2,2,3,3
test-6:264:280,3,0.7257634,0.18588954210281372,2,2,2,2,2,2,3,3,2,2,3,3
test-6:272:288,3,0.9642205,0.18588954210281372,2,2,2,2,2,2,3,3,2,2,3,3
test-6:280:296,3,1.402605,0.18588954210281372,2,2,2,2,2,2,3,3,2,2,3,3
test-6:288:304,3,1.0049628,0.18588954210281372,2,2,1,1,2,2,3,3,2,2,3,3
test-6:296:312,0,0.13290976,0.18588954210281372,1,0,3,0,1,0,1,0,0,0,0,0
test-6:304:320,0,0.08147351,0.18588954210281372,2,0,3,0,3,0,2,0,0,0,0,0
test-7:0:16,0,0.08004223,0.18588954210281372,3,0,1,0,1,0,3,0,0,0,0,0
test-7:8:24,0,0.11375559,0.18588954210281372,1,0,1,0,1,0,3,0,0,0,0,0
test-7:16:32,0,0.1251228,0.18588954210281372,3,0,1,0,3,0,3,0,3,0,0,0
test-7:24:40,0,0.13369203,0.18588954210281372,3,0,1,0,3,0,3,0,2,0,0,0
test-7:32:48,0,0.10593293,0.18588954210281372,3,0,1,0,3,0,3,0,3,0,0,0
test-7:40:56,0,0.113376625,0.18588954210281372,3,0,3,0,3,0,3,0,0,0,0,0
test-7:48:64,1,0.5972593,0.18588954210281372,1,1,1,1,1,1,1,1,1,1,1,1
test-7:56:72,1,0.6037281,0.18588954210281372,1,1,3,3,1,1,1,1,1,1,1,1
test-7:64:80,0,0.085394464,0.18588954210281372,3,0,3,0,3,0,3,0,3,0,0,0
test-7:72:88,0,0.060154587,0.18588954210281372,3,0,3,0,3,0,3,0,0,0,0,0
test-7:80:96,0,0.086203836,0.18588954210281372,3,0,3,0,3,0,3,0,0,0,0,0
test-7:88:104,0,0.08052768,0.18588954210281372,3,0,3,0,3,0,3,0,0,0,0,0
test-7:96:112,0,0.060461465,0.18588954210281372,3,0,1,0,3,0,3,0,0,0,0,0
test-7:104:120,0,0.09584453,0.18588954210281372,3,0,3,0,3,0,3,0,0,0,0,0
test-7:112:128,0,0.08035866,0.18588954210281372,3,0,1,0,3,0,3,0,0,0,0,0
test-7:120:136,0,0.11986759,0.18588954210281372,3,0,1,0,3,0,3,0,3,0,3,0
test-7:128:144,3,0.14047931,0.18588954210281372,3,0,1,0,3,0,3,0,3,0,0,0
test-7:136:152,3,0.13625725,0.18588954210281372,1,0,1,0,1,0,3,0,0,0,0,0
test-7:144:160,3,0.17956398,0.18588954210281372,3,0,3,0,3,0,3,0,0,0,3,0
test-7:152:168,3,0.29304,0.18588954210281372,3,3,2,2,3,3,3,3,3,3,3,3
test-7:160:176,3,0.41039613,0.18588954210281372,3,3,2,2,2,2,3,3,3,3,3,3
test-7:168:184,3,0.72167516,0.18588954210281372,2,2,2,2,2,2,3,3,2,2,3,3
test-7:176:192,3,1.1890222,0.18588954210281372,2,2,2,2,2,2,3,3,2,2,3,3
test-7:184:200,3,0.80148154,0.18588954210281372,2,2,1,1,2,2,3,3,1,1,3,3
test-7:192:208,0,0.091835886,0.18588954210281372,3,0,3,0,3,0,2,0,0,0,0,0
test-7:200:216,0,0.062595464,0.18588954210281372,3,0,3,0,3,0,3,0,0,0,3,0
test-7:208:224,0,0.06041814,0.18588954210281372,3,0,3,0,3,0,3,0,0,0,0,0
test-7:216:232,0,0.0616919,0.18588954210281372,1,0,1,0,3,0,2,0,0,0,0,0
test-7:224:240,0,0.110692084,0.18588954210281372,1,0,1,0,3,0,3,0,3,0,0,0
test-7:232:248,2,0.2609032,0.18588954210281372,2,2,3,3,3,3,1,1,2,2,2,2
test-7:240:256,2,0.53952223,0.18588954210281372,2,2,3,3,2,2,2,2,2,2,2,2
test-7:248:264,2,0.80774236,0.18588954210281372,2,2,2,2,2,2,2,2,2,2,2,2
test-7:256:272,2,0.77234125,0.18588954210281372,2,2,2,2,2,2,2,2,2,2,2,2
test-7:264:280,2,0.61369985,0.18588954210281372,2,2,2,2,2,2,2,2,2,2,2,2
test-7:272:288,2,0.3075316,0.18588954210281372,2,2,1,1,2,2,2,2,2,2,2,2
test-7:280:296,0,0.122257374,0.18588954210281372,3,0,3,0,3,0,2,0,3,0,0,0
test-7:288:304,0,0.18266554,0.18588954210281372,3,0,3,0,3,0,2,0,3,0,0,0
test-7:296:312,0,0.121878915,0.18588954210281372,3,0,2,0,3,0,3,0,3,0,0,0
test-7:304:320,0,0.09000713,0.18588954210281372,3,0,2,0,3,0,3,0,0,0,0,0
test-8:0:16,0,0.10848769,0.18588954210281372,3,0,3,0,3,0,3,0,3,0,3,0
test-8:8:24,0,0.14552507,0.18588954210281372,3,0,3,0,3,0,3,0,3,0,3,0
test-8:16:32,0,0.18441553,0.18588954210281372,3,0,3,0,3,0,3,0,3,0,3,0
test-8:24:40,0,0.16966885,0.18588954210281372,3,0,3,0,3,0,2,0,3,0,2,0
test-8:32:48,0,0.15813498,0.18588954210281372,3,0,3,0,3,0,2,0,3,0,2,0
test-8:40:56,2,0.30089498,0.18588954210281372,1,1,3,3,1,1,2,2,1,1,2,2
test-8:48:64,2,0.45896676,0.18588954210281372,2,2,3,3,2,2,2,2,2,2,2,2
test-8:56:72,2,0.43678263,0.18588954210281372,2,2,3,3,2,2,2,2,2,2,2,2
test-8:64:80,2,0.46061185,0.18588954210281372,2,2,3,3,2,2,2,2,2,2,2,2
test-8:72:88,2,0.26513803,0.18588954210281372,3,3,3,3,3,3,2,2,0,0,2,2
test-8:80:96,0,0.14294854,0.18588954210281372,3,0,1,0,3,0,3,0,1,0,0,0
test-8:88:104,0,0.13083942,0.18588954210281372,1,0,1,0,3,0,3,0,0,0,0,0
test-8:96:112,0,0.08916313,0.18588954210281372,3,0,3,0,3,0,3,0,3,0,0,0
test-8:104:120,0,0.07034719,0.18588954210281372,3,0,3,0,3,0,3,0,3,0,0,0
test-8:112:128,0,0.082557134,0.18588954210281372,3,0,1,0,3,0,3,0,0,0,0,0
test-8:120:136,0,0.07366448,0.18588954210281372,3,0,1,0,3,0,3,0,0,0,0,0
test-8:128:144,3,0.10448149,0.18588954210281372,3,0,1,0,3,0,3,0,0,0,3,0
test-8:136:152,3,0.18419397,0.18588954210281372,3,0,3,0,3,0,3,0,0,0,0,0
test-8:144:160,3,0.11402636,0.18588954210281372,3,0,3,0,3,0,3,0,3,0,0,0
test-8:152:168,3,0.089485675,0.18588954210281372,3,0,3,0,3,0,3,0,3,0,0,0
test-8:160:176,3,0.14225183,0.18588954210281372,3,0,3,0,3,0,3,0,3,0,3,0
test-8:168:184,3,0.20539625,0.18588954210281372,3,3,3,3,3,3,3,3,3,3,3,3
test-8:176:192,3,0.21311551,0.18588954210281372,3,3,1,1,3,3,1,1,3,3,1,1
test-8:184:200,3,0.16666901,0.18588954210281372,3,0,1,0,3,0,3,0,3,0,3,0
test-8:192:208,0,0.19871698,0.18588954210281372,3,3,3,3,3,3,3,3,0,0,0,0
test-8:200:216,0,0.11784338,0.18588954210281372,3,0,3,0,3,0,3,0,3,0,0,0
test-8:208:224,0,0.09481495,0.18588954210281372,3,0,1,0,3,0,3,0,0,0,3,0
test-8:216:232,0,0.09645169,0.18588954210281372,3,0,1,0,1,0,3,0,0,0,0,0
test-8:224:240,1,0.1815206,0.18588954210281372,1,0,1,0,1,0,1,0,1,0,1,0
test-8:232:248,1,0.19860797,0.18588954210281372,1,1,1,1,1,1,1,1,1,1,1,1
test-8:240:256,0,0.10032102,0.18588954210281372,3,0,3,0,3,0,1,0,0,0,0,0
test-8:248:264,0,0.07758656,0.18588954210281372,3,0,3,0,3,0,3,0,0,0,0,0
test-8:256:272,0,0.12916382,0.18588954210281372,3,0,3,0,3,0,3,0,0,0,0,0
test-8:264:280,0,0.15396339,0.18588954210281372,3,0,3,0,3,0,3,0,3,0,0,0
test-8:272:288,0,0.12835456,0.18588954210281372,3,0,3,0,3,0,3,0,0,0,0,0
test-8:280:296,0,0.10053267,0.18588954210281372,3,0,3,0,3,0,3,0,0,0,0,0
test-8:288:304,0,0.08205532,0.18588954210281372,3,0,3,0,3,0,3,0,0,0,0,0
test-8:296:312,0,0.077381104,0.18588954210281372,3,0,3,0,3,0,3,0,0,0,0,0
test-8:304:320,0,0.09598472,0.18588954210281372,1,0,1,0,3,0,3,0,0,0,0,0
test-9:0:16,0,0.09514589,0.18588954210281372,1,0,1,0,3,0,3,0,0,0,0,0
test-9:8:24,0,0.12407305,0.18588954210281372,3,0,3,0,1,0,3,0,0,0,0,0
test-9:16:32,0,0.08022379,0.18588954210281372,1,0,3,0,1,0,3,0,3,0,0,0
test-9:24:40,0,0.08397549,0.18588954210281372,1,0,3,0,1,0,3,0,1,0,0,0
test-9:32:48,3,0.13460265,0.18588954210281372,3,0,3,0,3,0,3,0,0,0,0,0
test-9:40:56,3,0.14285265,0.18588954210281372,3,0,3,0,3,0,3,0,0,0,3,0
test-9:48:64,3,0.42541072,0.18588954210281372,3,3,1,1,3,3,3,3,3,3,3,3
test-9:56:72,3,0.90265554,0.18588954210281372,2,2,1,1,2,2,3,3,2,2,3,3
test-9:64:80,3,1.2149364,0.18588954210281372,2,2,2,2,2,2,3,3,2,2,3,3
test-9:72:88,3,1.8609028,0.18588954210281372,2,2,2,2,2,2,3,3,2,2,3,3
test-9:80:96,3,1.3494352,0.18588954210281372,1,1,1,1,1,1,3,3,1,1,3,3
test-9:88:104,0,0.10551795,0.18588954210281372,3,0,1,0,3,0,3,0,3,0,0,0
test-9:96:112,0,0.08101758,0.18588954210281372,3,0,3,0,3,0,3,0,0,0,0,0
test-9:104:120,0,0.10723185,0.18588954210281372,3,0,3,0,1,0,3,0,0,0,0,0
test-9:112:128,0,0.12091913,0.18588954210281372,3,0,3,0,3,0,3,0,0,0,0,0
test-9:120:136,0,0.10907432,0.18588954210281372,3,0,1,0,1,0,3,0,0,0,0,0
test-9:128:144,2,0.2515412,0.18588954210281372,1,1,3,3,3,3,2,2,0,0,2,2
test-9:136:152,2,0.64527637,0.18588954210281372,2,2,3,3,2,2,2,2,2,2,2,2
test-9:144:160,2,0.7850695,0.18588954210281372,2,2,1,1,2,2,2,2,2,2,2,2
test-9:152:168,2,0.8068342,0.18588954210281372,2,2,3,3,2,2,2,2,2,2,2,2
test-9:160:176,2,0.6673414,0.18588954210281372,3,3,2,2,2,2,2,2,2,2,2,2
test-9:168:184,2,0.35028568,0.18588954210281372,1,1,1,1,1,1,2,2,1,1,2,2
test-9:176:192,0,0.1064141,0.18588954210281372,1,0,1,0,1,0,2,0,1,0,0,0
test-9:184:200,0,0.14443995,0.18588954210281372,1,0,1,0,1,0,2,0,1,0,0,0
test-9:192:208,0,0.0871259,0.18588954210281372,3,0,1,0,3,0,3,0,0,0,0,0
test-9:200:216,0,0.07356092,0.18588954210281372,3,0,1,0,3,0,3,0,0,0,0,0
test-9:208:224,0,0.09135583,0.18588954210281372,3,0,3,0,1,0,3,0,0,0,0,0
test-9:216:232,0,0.07691412,0.18588954210281372,3,0,1,0,1,0,3,0,0,0,0,0
test-9:224:240,1,0.4208723,0.18588954210281372,1,1,1,1,3,3,1,1,0,0,1,1
test-9:232:248,1,0.45037842,0.18588954210281372,2,2,1,1,1,1,1,1,1,1,1,1
test-9:240:256,0,0.07948248,0.18588954210281372,3,0,3,0,1,0,3,0,1,0,0,0
test-9:248:264,0,0.07278904,0.18588954210281372,3,0,3,0,3,0,3,0,0,0,0,0
test-9:256:272,0,0.07444589,0.18588954210281372,3,0,2,0,3,0,3,0,0,0,0,0
test-9:264:280,0,0.07697775,0.18588954210281372,3,0,1,0,3,0,3,0,0,0,0,0
test-9:272:288,0,0.07098171,0.18588954210281372,1,0,1,0,1,0,3,0,0,0,0,0
test-9:280:296,0,0.15943849,0.18588954210281372,3,0,3,0,3,0,3,0,0,0,0,0
test-9:288:304,0,0.15008964,0.18588954210281372,3,0,3,0,3,0,3,0,3,0,0,0
test-9:296:312,0,0.11046954,0.18588954210281372,1,0,1,0,3,0,3,0,0,0,0,0
test-9:304:320,0,0.07726891,0.18588954210281372,3,0,1,0,3,0,3,0,0,0,0,0
test-10:0:16,0,0.17221574,0.18588954210281372,3,0,3,0,3,0,3,0,0,0,0,0
test-10:8:24,0,0.13987069,0.18588954210281372,1,0,1,0,3,0,3,0,0,0,0,0
test-10:16:32,0,0.16825251,0.18588954210281372,3,0,3,0,3,0,3,0,0,0,0,0
test-10:24:40,0,0.13784558,0.18588954210281372,3,0,3,0,3,0,3,0,0,0,0,0
test-10:32:48,1,1.2562401,0.18588954210281372,1,1,1,1,1,1,1,1,2,2,1,1
test-10:40:56,1,1.4058752,0.18588954210281372,2,2,1,1,2,2,1,1,1,1,1,1
test-10:48:64,0,0.109645315,0.18588954210281372,3,0,1,0,3,0,3,0,3,0,0,0
test-10:56:72,0,0.11365571,0.18588954210281372,1,0,3,0,1,0,3,0,0,0,0,0
test-10:64:80,0,0.12380027,0.18588954210281372,3,0,1,0,1,0,3,0,0,0,0,0
test-10:72:88,0,0.12583055,0.18588954210281372,3,0,3,0,3,0,3,0,3,0,0,0
test-10:80:96,0,0.10693555,0.18588954210281372,3,0,1,0,3,0,3,0,0,0,0,0
test-10:88:104,0,0.12852521,0.18588954210281372,3,0,1,0,3,0,3,0,0,0,0,0
test-10:96:112,0,0.10692999,0.18588954210281372,3,0,3,0,3,0,3,0,0,0,0,0
test-10:104:120,0,0.08748013,0.18588954210281372,3,0,3,0,3,0,3,0,0,0,0,0
test-10:112:128,0,0.10872722,0.18588954210281372,3,0,3,0,3,0,3,0,0,0,0,0
test-10:120:136,0,0.15682648,0.18588954210281372,3,0,2,0,3,0,3,0,0,0,0,0
test-10:128:144,0,0.20515919,0.18588954210281372,3,3,1,1,3,3,3,3,3,3,0,0
test-10:136:152,2,0.24843438,0.18588954210281372,3,3,1,1,3,3,1,1,3,3,2,2
test-10:144:160,2,0.8780026,0.18588954210281372,2,2,2,2,2,2,2,2,2,2,2,2
test-10:152:168,2,1.4210104,0.18588954210281372,2,2,2,2,2,2,2,2,2,2,2,2
test-10:160:176,2,1.4788543,0.18588954210281372,3,3,2,2,2,2,2,2,3,3,2,2
test-10:168:184,2,1.4514107,0.18588954210281372,3,3,2,2,3,3,2,2,3,3,2,2
test-10:176:192,2,0.7523377,0.18588954210281372,3,3,2,2,3,3,2,2,3,3,2,2
test-10:184:200,0,0.11771551,0.18588954210281372,1,0,1,0,3,0,2,0,0,0,0,0
test-10:192:208,0,0.10969416,0.18588954210281372,3,0,1,0,1,0,3,0,3,0,0,0
test-10:200:216,0,0.07961035,0.18588954210281372,1,0,3,0,3,0,3,0,0,0,0,0
test-10:208:224,0,0.103408575,0.18588954210281372,3,0,3,0,3,0,3,0,0,0,0,0
test-10:216:232,0,0.11087812,0.18588954210281372,3,0,2,0,3,0,1,0,0,0,0,0
test-10:224:240,3,0.09166781,0.18588954210281372,3,0,1,0,3,0,1,0,0,0,0,0
test-10:232:248,3,0.11836449,0.18588954210281372,3,0,1,0,3,0,3,0,0,0,3,0
test-10:240:256,3,0.15745616,0.18588954210281372,3,0,3,0,3,0,3,0,3,0,3,0
test-10:248:264,3,0.203866,0.18588954210281372,3,3,3,3,3,3,3,3,3,3,3,3
test-10:256:272,3,0.35005948,0.18588954210281372,3,3,1,1,3,3,2,2,3,3,3,3
test-10:264:280,3,0.4227586,0.18588954210281372,2,2,1,1,3,3,3,3,3,3,3,3
test-10:272:288,3,0.48920938,0.18588954210281372,3,3,1,1,3,3,3,3,3,3,3,3
test-10:280:296,3,0.36712003,0.18588954210281372,3,3,1,1,3,3,3,3,0,0,3,3
test-10:288:304,0,0.11919775,0.18588954210281372,1,0,1,0,1,0,3,0,0,0,0,0
test-10:296:312,0,0.13991621,0.18588954210281372,1,0,1,0,1,0,3,0,0,0,0,0
test-10:304:320,0,0.12451467,0.18588954210281372,3,0,3,0,3,0,3,0,0,0,3,0
test-11:0:16,0,0.115816176,0.18588954210281372,3,0,3,0,3,0,3,0,0,0,3,0
test-11:8:24,0,0.12409314,0.18588954210281372,3,0,1,0,3,0,3,0,3,0,0,0
test-11:16:32,0,0.109127514,0.18588954210281372,3,0,3,0,3,0,3,0,0,0,0,0
test-11:24:40,0,0.07717406,0.18588954210281372,3,0,3,0,3,0,3,0,3,0,0,0
test-11:32:48,1,1.1342317,0.18588954210281372,1,1,1,1,1,1,1,1,1,1,1,1
test-11:40:56,1,1.2174746,0.18588954210281372,1,1,1,1,1,1,1,1,1,1,1,1
test-11:48:64,0,0.071188234,0.18588954210281372,3,0,3,0,3,0,3,0,0,0,3,0
test-11:56:72,0,0.1058453,0.18588954210281372,3,0,3,0,3,0,3,0,0,0,0,0
test-11:64:80,0,0.10613281,0.18588954210281372,3,0,3,0,3,0,3,0,0,0,0,0
test-11:72:88,0,0.098358,0.18588954210281372,1,0,1,0,3,0,3,0,0,0,0,0
test-11:80:96,0,0.10906714,0.18588954210281372,3,0,1,0,3,0,3,0,0,0,0,0
test-11:88:104,0,0.08543527,0.18588954210281372,2,0,3,0,3,0,3,0,0,0,0,0
test-11:96:112,0,0.095975876,0.18588954210281372,1,0,3,0,1,0,3,0,1,0,0,0
test-11:104:120,0,0.09382995,0.18588954210281372,3,0,3,0,3,0,3,0,0,0,0,0
test-11:112:128,0,0.10076795,0.18588954210281372,3,0,3,0,3,0,3,0,0,0,0,0
test-11:120:136,0,0.12846403,0.18588954210281372,3,0,3,0,3,0,3,0,0,0,0,0
test-11:128:144,0,0.1340562,0.18588954210281372,1,0,1,0,1,0,3,0,0,0,0,0
test-11:136:152,3,0.12769818,0.18588954210281372,3,0,1,0,3,0,1,0,3,0,0,0
test-11:144:160,3,0.1105695,0.18588954210281372,3,0,3,0,3,0,3,0,3,0,0,0
test-11:152:168,3,0.18046315,0.18588954210281372,3,0,3,0,3,0,3,0,3,0,3,0
test-11:160:176,3,0.18823242,0.18588954210281372,2,2,2,2,2,2,3,3,2,2,3,3
test-11:168:184,3,0.3550597,0.18588954210281372,2,2,2,2,2,2,3,3,2,2,3,3
test-11:176:192,3,0.76052874,0.18588954210281372,2,2,2,2,2,2,3,3,2,2,3,3
test-11:184:200,3,1.0032066,0.18588954210281372,3,3,3,3,3,3,3,3,2,2,3,3
test-11:192:208,3,0.472875,0.18588954210281372,3,3,3,3,3,3,3,3,3,3,3,3
test-11:200:216,0,0.084383585,0.18588954210281372,2,0,3,0,3,0,3,0,3,0,0,0
test-11:208:224,0,0.07652239,0.18588954210281372,3,0,2,0,3,0,3,0,0,0,0,0
test-11:216:232,0,0.080719225,0.18588954210281372,3,0,3,0,3,0,3,0,0,0,0,0
test-11:224:240,2,1.8407837,0.18588954210281372,3,3,2,2,3,3,2,2,3,3,2,2
test-11:232:248,2,2.370719,0.18588954210281372,2,2,2,2,2,2,2,2,2,2,2,2
test-11:240:256,2,2.1389863,0.18588954210281372,2,2,2,2,2,2,2,2,2,2,2,2
test-11:248:264,2,2.2668824,0.18588954210281372,2,2,2,2,2,2,2,2,2,2,2,2
test-11:256:272,2,2.9490938,0.18588954210281372,2,2,2,2,2,2,2,2,2,2,2,2
test-11:264:280,2,1.5408893,0.18588954210281372,2,2,2,2,2,2,2,2,2,2,2,2
test-11:272:288,0,0.07020609,0.18588954210281372,3,0,3,0,3,0,3,0,0,0,0,0
test-11:280:296,0,0.12115992,0.18588954210281372,3,0,3,0,3,0,3,0,0,0,0,0
test-11:288:304,0,0.06828776,0.18588954210281372,3,0,3,0,3,0,3,0,0,0,0,0
test-11:296:312,0,0.07112288,0.18588954210281372,1,0,3,0,3,0,3,0,0,0,0,0
test-11:304:320,0,0.08023381,0.18588954210281372,3,0,3,0,3,0,1,0,0,0,0,0
test-12:0:16,0,0.11658207,0.18588954210281372,3,0,1,0,3,0,3,0,3,0,0,0
test-12:8:24,0,0.08470326,0.18588954210281372,3,0,3,0,3,0,3,0,0,0,0,0
test-12:16:32,0,0.08497319,0.18588954210281372,3,0,3,0,3,0,3,0,0,0,0,0
test-12:24:40,0,0.07050077,0.18588954210281372,3,0,3,0,3,0,3,0,0,0,0,0
test-12:32:48,0,0.13825133,0.18588954210281372,3,0,3,0,3,0,3,0,3,0,0,0
test-12:40:56,3,0.15539032,0.18588954210281372,3,0,3,0,3,0,3,0,3,0,3,0
test-12:48:64,3,0.16440903,0.18588954210281372,3,0,3,0,3,0,3,0,3,0,3,0
test-12:56:72,3,0.19898383,0.18588954210281372,2,2,3,3,3,3,3,3,3,3,3,3
test-12:64:80,3,0.2690721,0.18588954210281372,3,3,3,3,2,2,3,3,2,2,3,3
test-12:72:88,3,0.3686557,0.18588954210281372,2,2,3,3,2,2,3,3,2,2,3,3
test-12:80:96,3,0.5160127,0.18588954210281372,2,2,1,1,2,2,3,3,2,2,3,3
test-12:88:104,3,0.48323408,0.18588954210281372,3,3,3,3,3,3,3,3,3,3,3,3
test-12:96:112,3,0.20179778,0.18588954210281372,3,3,3,3,3,3,3,3,3,3,3,3
test-12:104:120,0,0.1280092,0.18588954210281372,3,0,3,0,3,0,3,0,3,0,0,0
test-12:112:128,0,0.12000146,0.18588954210281372,3,0,3,0,3,0,3,0,3,0,0,0
test-12:120:136,0,0.08369001,0.18588954210281372,3,0,3,0,3,0,3,0,0,0,0,0
test-12:128:144,0,0.06280806,0.18588954210281372,3,0,2,0,3,0,3,0,0,0,0,0
test-12:136:152,0,0.09865063,0.18588954210281372,3,0,3,0,3,0,3,0,3,0,0,0
test-12:144:160,1,0.2642778,0.18588954210281372,2,2,3,3,2,2,1,1,2,2,1,1
test-12:152:168,1,0.28452647,0.18588954210281372,2,2,3,3,2,2,1,1,2,2,1,1
test-12:160:176,0,0.11112138,0.18588954210281372,3,0,3,0,3,0,3,0,0,0,0,0
test-12:168:184,0,0.15267164,0.18588954210281372,3,0,3,0,3,0,3,0,0,0,0,0
test-12:176:192,0,0.16213039,0.18588954210281372,3,0,3,0,3,0,3,0,3,0,0,0
test-12:184:200,0,0.11297921,0.18588954210281372,1,0,1,0,1,0,3,0,1,0,0,0
test-12:192:208,0,0.13846351,0.18588954210281372,3,0,3,0,3,0,3,0,3,0,3,0
test-12:200:216,0,0.14700516,0.18588954210281372,2,0,1,0,3,0,3,0,1,0,0,0
test-12:208:224,0,0.09186375,0.18588954210281372,3,0,1,0,3,0,3,0,1,0,0,0
test-12:216:232,0,0.08889315,0.18588954210281372,2,0,3,0,2,0,3,0,0,0,0,0
test-12:224:240,2,0.413348,0.18588954210281372,2,2,3,3,2,2,2,2,2,2,2,2
test-12:232:248,2,0.75748223,0.18588954210281372,2,2,1,1,2,2,2,2,2,2,2,2
test-12:240:256,2,0.7658937,0.18588954210281372,2,2,3,3,2,2,2,2,2,2,2,2
test-12:248:264,2,0.74557304,0.18588954210281372,2,2,1,1,2,2,2,2,2,2,2,2
test-12:256:272,2,0.487903,0.18588954210281372,2,2,2,2,2,2,2,2,2,2,2,2
test-12:264:280,2,0.14614499,0.18588954210281372,2,0,3,0,3,0,2,0,1,0,2,0
test-12:272:288,0,0.13643633,0.18588954210281372,3,0,3,0,3,0,3,0,3,0,0,0
test-12:280:296,0,0.16189222,0.18588954210281372,3,0,3,0,3,0,3,0,3,0,0,0
test-12:288:304,0,0.09674832,0.18588954210281372,3,0,3,0,3,0,3,0,0,0,0,0
test-12:296:312,0,0.05866727,0.18588954210281372,1,0,1,0,1,0,3,0,0,0,0,0
test-12:304:320,0,0.108366184,0.18588954210281372,1,0,1,0,1,0,3,0,1,0,0,0
test-13:0:16,0,0.09211463,0.18588954210281372,3,0,3,0,3,0,3,0,0,0,0,0
test-13:8:24,0,0.085946254,0.18588954210281372,1,0,3,0,1,0,3,0,0,0,0,0
test-13:16:32,0,0.114936076,0.18588954210281372,1,0,3,0,1,0,3,0,0,0,0,0
test-13:24:40,0,0.09668282,0.18588954210281372,3,0,3,0,3,0,3,0,0,0,0,0
test-13:32:48,0,0.1274111,0.18588954210281372,1,0,1,0,1,0,3,0,0,0,3,0
test-13:40:56,2,0.32014388,0.18588954210281372,1,1,1,1,1,1,1,1,1,1,1,1
test-13:48:64,2,0.5592055,0.18588954210281372,1,1,1,1,1,1,2,2,1,1,2,2
test-13:56:72,2,0.4904727,0.18588954210281372,2,2,2,2,2,2,3,3,2,2,3,3
test-13:64:80,2,0.54767615,0.18588954210281372,2,2,2,2,1,1,3,3,2,2,3,3
test-13:72:88,2,0.604367,0.18588954210281372,2,2,2,2,1,1,2,2,2,2,2,2
test-13:80:96,2,0.4150792,0.18588954210281372,1,1,1,1,1,1,2,2,0,0,2,2
test-13:88:104,0,0.110304356,0.18588954210281372,2,0,1,0,3,0,3,0,0,0,0,0
test-13:96:112,0,0.1136369,0.18588954210281372,2,0,3,0,2,0,3,0,0,0,0,0
test-13:104:120,0,0.08988542,0.18588954210281372,2,0,3,0,3,0,3,0,0,0,0,0
test-13:112:128,0,0.08731093,0.18588954210281372,3,0,3,0,3,0,3,0,0,0,0,0
test-13:120:136,0,0.09448447,0.18588954210281372,3,0,2,0,3,0,3,0,0,0,3,0
test-13:128:144,3,0.08417428,0.18588954210281372,1,0,2,0,3,0,3,0,0,0,0,0
test-13:136:152,3,0.15890798,0.18588954210281372,1,0,1,0,1,0,3,0,1,0,3,0
test-13:144:160,3,0.3292906,0.18588954210281372,1,1,1,1,1,1,3,3,1,1,3,3
test-13:152:168,3,0.59896606,0.18588954210281372,2,2,3,3,2,2,3,3,2,2,3,3
test-13:160:176,3,1.0530499,0.18588954210281372,2,2,1,1,2,2,3,3,2,2,3,3
test-13:168:184,3,1.4387587,0.18588954210281372,2,2,1,1,2,2,3,3,2,2,3,3
test-13:176:192,3,1.1237462,0.18588954210281372,2,2,1,1,2,2,3,3,2,2,3,3
test-13:184:200,3,0.33539045,0.18588954210281372,2,2,3,3,2,2,3,3,2,2,3,3
test-13:192:208,0,0.12251983,0.18588954210281372,3,0,3,0,3,0,3,0,0,0,0,0
test-13:200:216,0,0.1047573,0.18588954210281372,3,0,1,0,1,0,3,0,0,0,0,0
test-13:208:224,0,0.11384956,0.18588954210281372,3,0,3,0,3,0,3,0,0,0,0,0
test-13:216:232,0,0.11505925,0.18588954210281372,2,0,2,0,3,0,3,0,0,0,0,0
test-13:224:240,1,0.40609014,0.18588954210281372,1,1,3,3,1,1,1,1,1,1,1,1
test-13:232:248,1,0.41167888,0.18588954210281372,1,1,1,1,1,1,1,1,1,1,1,1
test-13:240:256,0,0.10429541,0.18588954210281372,3,0,3,0,3,0,3,0,0,0,0,0
test-13:248:264,0,0.0894848,0.18588954210281372,3,0,1,0,1,0,3,0,0,0,0,0
test-13:256:272,0,0.10576288,0.18588954210281372,1,0,1,0,1,0,3,0,0,0,3,0
test-13:264:280,0,0.11916291,0.18588954210281372,1,0,1,0,1,0,3,0,0,0,0,0
test-13:272:288,0,0.0874572,0.18588954210281372,3,0,3,0,1,0,3,0,0,0,0,0
test-13:280:296,0,0.07229652,0.18588954210281372,3,0,3,0,3,0,3,0,0,0,0,0
test-13:288:304,0,0.09367767,0.18588954210281372,3,0,1,0,3,0,3,0,0,0,3,0
test-13:296:312,0,0.106701076,0.18588954210281372,3,0,1,0,1,0,3,0,0,0,0,0
test-13:304:320,0,0.089817256,0.18588954210281372,3,0,3,0,3,0,3,0,0,0,0,0
test-14:0:16,0,0.09191864,0.18588954210281372,1,0,1,0,1,0,3,0,1,0,0,0
test-14:8:24,0,0.08950732,0.18588954210281372,1,0,1,0,1,0,3,0,1,0,0,0
test-14:16:32,0,0.049395513,0.18588954210281372,1,0,3,0,1,0,3,0,0,0,0,0
test-14:24:40,0,0.07202753,0.18588954210281372,2,0,1,0,3,0,3,0,0,0,0,0
test-14:32:48,1,0.15241094,0.18588954210281372,1,0,1,0,3,0,1,0,0,0,1,0
test-14:40:56,1,0.16001163,0.18588954210281372,1,0,1,0,1,0,1,0,0,0,1,0
test-14:48:64,0,0.058847636,0.18588954210281372,3,0,1,0,3,0,3,0,0,0,0,0
test-14:56:72,0,0.049932685,0.18588954210281372,3,0,3,0,3,0,3,0,0,0,0,0
test-14:64:80,0,0.08935588,0.18588954210281372,2,0,3,0,2,0,3,0,0,0,0,0
test-14:72:88,0,0.122597344,0.18588954210281372,2,0,3,0,3,0,3,0,0,0,0,0
test-14:80:96,0,0.108029604,0.18588954210281372,3,0,3,0,3,0,3,0,0,0,0,0
test-14:88:104,0,0.07633462,0.18588954210281372,3,0,1,0,3,0,3,0,0,0,0,0
test-14:96:112,0,0.09385493,0.18588954210281372,1,0,1,0,1,0,3,0,0,0,0,0
test-14:104:120,0,0.09306431,0.18588954210281372,1,0,3,0,1,0,3,0,0,0,0,0
test-14:112:128,0,0.093494095,0.18588954210281372,1,0,3,0,1,0,3,0,0,0,0,0
test-14:120:136,0,0.113051236,0.18588954210281372,1,0,1,0,1,0,3,0,0,0,3,0
test-14:128:144,0,0.08325938,0.18588954210281372,3,0,1,0,3,0,3,0,0,0,0,0
test-14:136:152,2,0.47474754,0.18588954210281372,2,2,1,1,2,2,2,2,3,3,2,2
test-14:144:160,2,1.1639982,0.18588954210281372,2,2,3,3,2,2,2,2,2,2,2,2
test-14:152:168,2,1.3838757,0.18588954210281372,2,2,3,3,2,2,2,2,2,2,2,2
test-14:160:176,2,1.4633287,0.18588954210281372,2,2,3,3,2,2,2,2,2,2,2,2
test-14:168:184,2,1.2359543,0.18588954210281372,2,2,3,3,2,2,2,2,2,2,2,2
test-14:176:192,2,0.49557516,0.18588954210281372,3,3,3,3,3,3,2,2,2,2,2,2
test-14:184:200,0,0.08664686,0.18588954210281372,1,0,3,0,1,0,2,0,1,0,0,0
test-14:192:208,0,0.113051645,0.18588954210281372,2,0,3,0,2,0,3,0,0,0,0,0
test-14:200:216,0,0.123534136,0.18588954210281372,2,0,2,0,2,0,3,0,0,0,0,0
test-14:208:224,0,0.091884404,0.18588954210281372,3,0,3,0,3,0,3,0,0,0,0,0
test-14:216:232,0,0.053596627,0.18588954210281372,1,0,1,0,1,0,2,0,1,0,0,0
test-14:224:240,3,0.10968912,0.18588954210281372,1,0,1,0,1,0,3,0,0,0,3,0
test-14:232:248,3,0.14729205,0.18588954210281372,1,0,1,0,1,0,3,0,0,0,3,0
test-14:240:256,3,0.25960597,0.18588954210281372,1,1,1,1,1,1,3,3,0,0,3,3
test-14:248:264,3,0.5077162,0.18588954210281372,1,1,2,2,1,1,3,3,2,2,3,3
test-14:256:272,3,0.9788232,0.18588954210281372,1,1,1,1,1,1,3,3,2,2,3,3
test-14:264:280,3,1.6265092,0.18588954210281372,2,2,2,2,1,1,3,3,2,2,3,3
test-14:272:288,3,2.130967,0.18588954210281372,1,1,2,2,1,1,3,3,2,2,3,3
test-14:280:296,3,1.3432541,0.18588954210281372,1,1,2,2,1,1,3,3,2,2,3,3
test-14:288:304,0,0.081435874,0.18588954210281372,3,0,3,0,3,0,3,0,0,0,0,0
test-14:296:312,0,0.060780477,0.18588954210281372,3,0,3,0,3,0,2,0,0,0,0,0
test-14:304:320,0,0.0675538,0.18588954210281372,1,0,3,0,1,0,3,0,0,0,0,0
test-15:0:16,0,0.0887897,0.18588954210281372,3,0,3,0,3,0,3,0,0,0,0,0
test-15:8:24,0,0.07817057,0.18588954210281372,3,0,1,0,3,0,3,0,0,0,0,0
test-15:16:32,0,0.09919045,0.18588954210281372,3,0,3,0,3,0,3,0,0,0,0,0
test-15:24:40,0,0.087384254,0.18588954210281372,3,0,3,0,3,0,3,0,0,0,3,0
test-15:32:48,2,0.31368348,0.18588954210281372,1,1,1,1,1,1,1,1,0,0,1,1
test-15:40:56,2,0.69412416,0.18588954210281372,2,2,2,2,1,1,2,2,0,0,2,2
test-15:48:64,2,0.77921957,0.18588954210281372,2,2,2,2,2,2,2,2,2,2,2,2
test-15:56:72,2,0.7851329,0.18588954210281372,2,2,2,2,2,2,2,2,2,2,2,2
test-15:64:80,2,0.7558306,0.18588954210281372,3,3,2,2,3,3,2,2,0,0,2,2
test-15:72:88,2,0.39884683,0.18588954210281372,3,3,2,2,3,3,2,2,0,0,2,2
test-15:80:96,0,0.082252644,0.18588954210281372,3,0,1,0,1,0,3,0,0,0,0,0
test-15:88:104,0,0.10135969,0.18588954210281372,1,0,1,0,1,0,3,0,1,0,0,0
test-15:96:112,0,0.117332704,0.18588954210281372,3,0,3,0,3,0,3,0,3,0,3,0
test-15:104:120,0,0.09575028,0.18588954210281372,2,0,3,0,2,0,2,0,2,0,0,0
test-15:112:128,0,0.111245096,0.18588954210281372,3,0,3,0,3,0,1,0,0,0,0,0
test-15:120:136,0,0.07117736,0.18588954210281372,3,0,3,0,3,0,3,0,0,0,0,0
test-15:128:144,0,0.08117093,0.18588954210281372,3,0,2,0,3,0,3,0,0,0,0,0
test-15:136:152,1,0.9501924,0.18588954210281372,2,2,3,3,2,2,1,1,2,2,1,1
test-15:144:160,1,1.1125287,0.18588954210281372,1,1,3,3,3,3,1,1,3,3,1,1
test-15:152:168,0,0.07736761,0.18588954210281372,1,0,3,0,1,0,3,0,0,0,0,0
test-15:160:176,0,0.056645002,0.18588954210281372,3,0,3,0,3,0,2,0,0,0,0,0
test-15:168:184,0,0.085319005,0.18588954210281372,3,0,2,0,3,0,3,0,0,0,3,0
test-15:176:192,0,0.1412385,0.18588954210281372,1,0,1,0,1,0,3,0,0,0,0,0
test-15:184:200,0,0.16269477,0.18588954210281372,1,0,1,0,3,0,3,0,1,0,0,0
test-15:192:208,0,0.13618274,0.18588954210281372,1,0,3,0,3,0,1,0,3,0,0,0
test-15:200:216,0,0.10233027,0.18588954210281372,3,0,3,0,3,0,3,0,0,0,0,0
test-15:208:224,0,0.091400735,0.18588954210281372,3,0,1,0,3,0,3,0,0,0,0,0
test-15:216:232,0,0.07060573,0.18588954210281372,3,0,1,0,3,0,3,0,0,0,0,0
test-15:224:240,3,0.057129145,0.18588954210281372,3,0,1,0,3,0,3,0,0,0,0,0
test-15:232:248,3,0.082087025,0.18588954210281372,3,0,3,0,3,0,3,0,0,0,0,0
test-15:240:256,3,0.121020354,0.18588954210281372,3,0,3,0,3,0,3,0,0,0,3,0
test-15:248:264,3,0.14119275,0.18588954210281372,3,0,3,0,3,0,3,0,0,0,0,0
test-15:256:272,3,0.1251676,0.18588954210281372,3,0,3,0,3,0,3,0,0,0,0,0
test-15:264:280,3,0.1322654,0.18588954210281372,3,0,2,0,3,0,3,0,0,0,3,0
test-15:272:288,3,0.20859607,0.18588954210281372,3,3,1,1,3,3,3,3,3,3,3,3
test-15:280:296,3,0.18908511,0.18588954210281372,3,3,3,3,3,3,3,3,0,0,3,3
test-15:288:304,0,0.08476541,0.18588954210281372,3,0,3,0,3,0,3,0,0,0,0,0
test-15:296:312,0,0.089839675,0.18588954210281372,1,0,1,0,1,0,3,0,0,0,0,0
test-15:304:320,0,0.08974433,0.18588954210281372,1,0,1,0,1,0,3,0,1,0,0,0
test-16:0:16,0,0.09540538,0.18588954210281372,1,0,1,0,1,0,3,0,0,0,0,0
test-16:8:24,0,0.08606265,0.18588954210281372,1,0,1,0,1,0,3,0,0,0,3,0
test-16:16:32,0,0.15441339,0.18588954210281372,1,0,1,0,1,0,3,0,0,0,3,0
test-16:24:40,0,0.16362405,0.18588954210281372,1,0,1,0,1,0,3,0,0,0,0,0
test-16:32:48,2,0.52122515,0.18588954210281372,2,2,2,2,2,2,2,2,2,2,2,2
test-16:40:56,2,1.0601526,0.18588954210281372,2,2,2,2,2,2,2,2,2,2,2,2
test-16:48:64,2,1.0955348,0.18588954210281372,2,2,3,3,2,2,2,2,2,2,2,2
test-16:56:72,2,1.0047027,0.18588954210281372,2,2,3,3,2,2,2,2,2,2,2,2
test-16:64:80,2,0.6685853,0.18588954210281372,2,2,3,3,2,2,2,2,2,2,2,2
test-16:72:88,2,0.15346818,0.18588954210281372,3,0,3,0,3,0,2,0,0,0,2,0
test-16:80:96,0,0.069477625,0.18588954210281372,1,0,1,0,3,0,3,0,0,0,0,0
test-16:88:104,0,0.07965263,0.18588954210281372,1,0,1,0,1,0,3,0,1,0,0,0
test-16:96:112,0,0.14797246,0.18588954210281372,1,0,1,0,1,0,3,0,1,0,0,0
test-16:104:120,0,0.16025703,0.18588954210281372,2,0,3,0,1,0,3,0,2,0,0,0
test-16:112:128,0,0.15257959,0.18588954210281372,2,0,3,0,2,0,3,0,0,0,0,0
test-16:120:136,0,0.12039626,0.18588954210281372,3,0,3,0,3,0,3,0,0,0,0,0
test-16:128:144,3,0.12953313,0.18588954210281372,1,0,1,0,1,0,3,0,1,0,0,0
test-16:136:152,3,0.1107724,0.18588954210281372,1,0,1,0,1,0,3,0,1,0,3,0
test-16:144:160,3,0.14280055,0.18588954210281372,1,0,3,0,1,0,3,0,3,0,3,0
test-16:152:168,3,0.14623499,0.18588954210281372,2,0,3,0,2,0,3,0,3,0,3,0
test-16:160:176,3,0.2497404,0.18588954210281372,2,2,3,3,2,2,3,3,3,3,3,3
test-16:168:184,3,0.36208558,0.18588954210281372,2,2,3,3,2,2,3,3,2,2,3,3
test-16:176:192,3,0.25712994,0.18588954210281372,3,3,1,1,3,3,3,3,3,3,3,3
test-16:184:200,3,0.14102638,0.18588954210281372,1,0,1,0,1,0,3,0,0,0,3,0
test-16:192:208,0,0.13973896,0.18588954210281372,1,0,3,0,1,0,1,0,1,0,0,0
test-16:200:216,0,0.10879606,0.18588954210281372,1,0,3,0,1,0,3,0,0,0,0,0
test-16:208:224,0,0.10747989,0.18588954210281372,1,0,1,0,1,0,3,0,0,0,0,0
test-16:216:232,0,0.089738935,0.18588954210281372,1,0,1,0,1,0,3,0,0,0,0,0
test-16:224:240,1,0.22103365,0.18588954210281372,1,1,1,1,1,1,1,1,1,1,1,1
test-16:232:248,1,0.2995648,0.18588954210281372,3,3,1,1,3,3,1,1,3,3,1,1
test-16:240:256,1,0.12778135,0.18588954210281372,1,0,3,0,1,0,1,0,0,0,1,0
test-16:248:264,0,0.12450328,0.18588954210281372,1,0,1,0,1,0,3,0,0,0,0,0
test-16:256:272,0,0.1336027,0.18588954210281372,3,0,2,0,3,0,2,0,0,0,0,0
test-16:264:280,0,0.10087091,0.18588954210281372,3,0,3,0,3,0,3,0,0,0,0,0
test-16:272:288,0,0.10337158,0.18588954210281372,3,0,3,0,1,0,3,0,0,0,3,0
test-16:280:296,0,0.17477512,0.18588954210281372,3,0,3,0,3,0,3,0,0,0,0,0
test-16:288:304,0,0.122934304,0.18588954210281372,3,0,3,0,3,0,3,0,0,0,0,0
test-16:296:312,0,0.10213995,0.18588954210281372,1,0,1,0,1,0,3,0,0,0,0,0
test-16:304:320,0,0.084610336,0.18588954210281372,1,0,1,0,1,0,3,0,1,0,0,0
test-17:0:16,0,0.08490062,0.18588954210281372,1,0,3,0,1,0,3,0,0,0,0,0
test-17:8:24,0,0.11056491,0.18588954210281372,3,0,1,0,3,0,3,0,3,0,0,0
test-17:16:32,0,0.10409733,0.18588954210281372,3,0,3,0,3,0,3,0,0,0,3,0
test-17:24:40,0,0.10189551,0.18588954210281372,3,0,3,0,3,0,3,0,0,0,3,0
test-17:32:48,0,0.10551032,0.18588954210281372,3,0,1,0,3,0,3,0,1,0,0,0
test-17:40:56,0,0.11672747,0.18588954210281372,3,0,1,0,3,0,3,0,3,0,3,0
test-17:48:64,1,0.9562729,0.18588954210281372,3,3,1,1,3,3,1,1,3,3,1,1
test-17:56:72,1,0.97760373,0.18588954210281372,3,3,1,1,3,3,1,1,3,3,1,1
test-17:64:80,0,0.12064156,0.18588954210281372,3,0,1,0,3,0,3,0,0,0,0,0
test-17:72:88,0,0.11816332,0.18588954210281372,3,0,1,0,3,0,3,0,0,0,0,0
test-17:80:96,0,0.1557055,0.18588954210281372,3,0,3,0,3,0,3,0,0,0,0,0
test-17:88:104,0,0.11685694,0.18588954210281372,3,0,3,0,3,0,3,0,0,0,0,0
test-17:96:112,0,0.074535325,0.18588954210281372,3,0,3,0,3,0,3,0,0,0,0,0
test-17:104:120,0,0.08862551,0.18588954210281372,3,0,3,0,3,0,3,0,0,0,0,0
test-17:112:128,0,0.07606844,0.18588954210281372,3,0,3,0,3,0,3,0,0,0,0,0
test-17:120:136,0,0.086969845,0.18588954210281372,3,0,3,0,3,0,3,0,0,0,0,0
test-17:128:144,2,0.33769545,0.18588954210281372,1,1,1,1,1,1,2,2,2,2,2,2
test-17:136:152,2,0.6210522,0.18588954210281372,2,2,2,2,2,2,2,2,2,2,2,2
test-17:144:160,2,0.5651935,0.18588954210281372,2,2,2,2,2,2,2,2,2,2,2,2
test-17:152:168,2,0.6343612,0.18588954210281372,2,2,2,2,2,2,2,2,2,2,2,2
test-17:160:176,2,0.45149377,0.18588954210281372,2,2,1,1,2,2,2,2,2,2,2,2
test-17:168:184,2,0.16643155,0.18588954210281372,1,0,1,0,3,0,2,0,0,0,2,0
test-17:176:192,0,0.16658355,0.18588954210281372,3,0,2,0,3,0,2,0,3,0,0,0
test-17:184:200,0,0.12923859,0.18588954210281372,3,0,3,0,3,0,2,0,3,0,0,0
test-17:192:208,0,0.07788138,0.18588954210281372,3,0,3,0,3,0,3,0,0,0,0,0
test-17:200:216,0,0.07532025,0.18588954210281372,3,0,3,0,3,0,2,0,0,0,0,0
test-17:208:224,0,0.08833748,0.18588954210281372,3,0,3,0,3,0,3,0,0,0,0,0
test-17:216:232,0,0.13694094,0.18588954210281372,3,0,3,0,3,0,3,0,0,0,3,0
test-17:224:240,3,0.1634934,0.18588954210281372,3,0,1,0,3,0,3,0,3,0,0,0
test-17:232:248,3,0.11155561,0.18588954210281372,3,0,3,0,3,0,3,0,0,0,0,0
test-17:240:256,3,0.06888751,0.18588954210281372,3,0,3,0,1,0,3,0,0,0,0,0
test-17:248:264,3,0.1265526,0.18588954210281372,3,0,1,0,3,0,3,0,3,0,0,0
test-17:256:272,3,0.11406698,0.18588954210281372,3,0,2,0,3,0,3,0,0,0,0,0
test-17:264:280,3,0.17399321,0.18588954210281372,3,0,1,0,3,0,3,0,3,0,3,0
test-17:272:288,3,0.32245407,0.18588954210281372,3,3,2,2,3,3,2,2,3,3,2,2
test-17:280:296,3,0.281984,0.18588954210281372,3,3,1,1,3,3,3,3,3,3,3,3
test-17:288:304,0,0.11216045,0.18588954210281372,3,0,3,0,3,0,3,0,0,0,0,0
test-17:296:312,0,0.06511078,0.18588954210281372,3,0,3,0,3,0,3,0,0,0,0,0
test-17:304:320,0,0.06438542,0.18588954210281372,3,0,3,0,3,0,2,0,0,0,0,0
test-18:0:16,0,0.08497883,0.18588954210281372,3,0,3,0,3,0,3,0,0,0,0,0
test-18:8:24,0,0.07065406,0.18588954210281372,3,0,3,0,3,0,3,0,0,0,0,0
test-18:16:32,0,0.14350936,0.18588954210281372,3,0,3,0,3,0,3,0,0,0,0,0
test-18:24:40,0,0.14948557,0.18588954210281372,3,0,3,0,3,0,3,0,0,0,0,0
test-18:32:48,1,1.3583981,0.18588954210281372,1,1,1,1,1,1,1,1,1,1,1,1
test-18:40:56,1,1.2889932,0.18588954210281372,1,1,2,2,2,2,1,1,1,1,1,1
test-18:48:64,0,0.10766094,0.18588954210281372,1,0,1,0,1,0,3,0,0,0,0,0
test-18:56:72,0,0.10886902,0.18588954210281372,2,0,3,0,1,0,3,0,0,0,0,0
test-18:64:80,0,0.09337181,0.18588954210281372,1,0,1,0,1,0,3,0,1,0,0,0
test-18:72:88,0,0.10681487,0.18588954210281372,1,0,1,0,1,0,3,0,0,0,0,0
test-18:80:96,0,0.15843625,0.18588954210281372,1,0,1,0,1,0,3,0,0,0,0,0
test-18:88:104,0,0.136831,0.18588954210281372,1,0,1,0,1,0,3,0,0,0,3,0
test-18:96:112,0,0.16063434,0.18588954210281372,2,0,3,0,2,0,3,0,2,0,0,0
test-18:104:120,0,0.12004283,0.18588954210281372,2,0,3,0,3,0,3,0,3,0,0,0
test-18:112:128,0,0.12258714,0.18588954210281372,3,0,3,0,3,0,3,0,0,0,3,0
test-18:120:136,0,0.07985056,0.18588954210281372,3,0,2,0,3,0,3,0,0,0,0,0
test-18:128:144,0,0.095697336,0.18588954210281372,1,0,1,0,3,0,3,0,0,0,3,0
test-18:136:152,0,0.097087674,0.18588954210281372,1,0,1,0,1,0,3,0,0,0,0,0
test-18:144:160,3,0.08080598,0.18588954210281372,1,0,3,0,3,0,3,0,0,0,0,0
test-18:152:168,3,0.10975001,0.18588954210281372,3,0,3,0,3,0,3,0,3,0,3,0
test-18:160:176,3,0.28727314,0.18588954210281372,2,2,3,3,2,2,3,3,2,2,3,3
test-18:168:184,3,0.61294764,0.18588954210281372,2,2,2,2,2,2,3,3,2,2,3,3
test-18:176:192,3,1.175826,0.18588954210281372,2,2,2,2,2,2,3,3,2,2,3,3
test-18:184:200,3,1.7514094,0.18588954210281372,2,2,2,2,2,2,3,3,2,2,3,3
test-18:192:208,3,1.2906262,0.18588954210281372,2,2,2,2,2,2,3,3,2,2,3,3
test-18:200:216,0,0.15446573,0.18588954210281372,1,0,3,0,1,0,3,0,0,0,0,0
test-18:208:224,0,0.1043376,0.18588954210281372,3,0,3,0,3,0,3,0,0,0,0,0
test-18:216:232,0,0.09799856,0.18588954210281372,3,0,3,0,3,0,2,0,0,0,0,0
test-18:224:240,2,0.241633,0.18588954210281372,3,3,3,3,3,3,2,2,3,3,2,2
test-18:232:248,2,0.37998882,0.18588954210281372,3,3,3,3,3,3,2,2,3,3,2,2
test-18:240:256,2,0.432552,0.18588954210281372,3,3,3,3,3,3,2,2,3,3,2,2
test-18:248:264,2,0.45675364,0.18588954210281372,3,3,3,3,3,3,2,2,3,3,2,2
test-18:256:272,2,0.47544873,0.18588954210281372,3,3,1,1,3,3,2,2,3,3,2,2
test-18:264:280,2,0.3625379,0.18588954210281372,3,3,1,1,3,3,2,2,0,0,2,2
test-18:272:288,0,0.1412361,0.18588954210281372,3,0,3,0,3,0,3,0,0,0,0,0
test-18:280:296,0,0.117743224,0.18588954210281372,1,0,1,0,1,0,3,0,0,0,0,0
test-18:288:304,0,0.07999555,0.18588954210281372,1,0,1,0,1,0,3,0,0,0,0,0
test-18:296:312,0,0.10572767,0.18588954210281372,1,0,1,0,1,0,3,0,0,0,0,0
test-18:304:320,0,0.08804055,0.18588954210281372,1,0,3,0,1,0,3,0,0,0,0,0
test-19:0:16,0,0.1292844,0.18588954210281372,3,0,3,0,3,0,3,0,0,0,0,0
test-19:8:24,0,0.07909917,0.18588954210281372,1,0,3,0,1,0,3,0,0,0,0,0
test-19:16:32,0,0.16698521,0.18588954210281372,3,0,3,0,1,0,3,0,0,0,3,0
test-19:24:40,0,0.10046679,0.18588954210281372,3,0,2,0,3,0,3,0,3,0,0,0
test-19:32:48,2,0.59103936,0.18588954210281372,1,1,1,1,1,1,1,1,0,0,1,1
test-19:40:56,2,2.0741427,0.18588954210281372,2,2,1,1,2,2,2,2,2,2,2,2
test-19:48:64,2,2.5421631,0.18588954210281372,2,2,2,2,2,2,2,2,2,2,2,2
test-19:56:72,2,2.3993037,0.18588954210281372,2,2,2,2,2,2,2,2,2,2,2,2
test-19:64:80,2,2.2563171,0.18588954210281372,2,2,2,2,2,2,2,2,2,2,2,2
test-19:72:88,2,1.3404417,0.18588954210281372,1,1,1,1,1,1,2,2,1,1,2,2
test-19:80:96,0,0.0875203,0.18588954210281372,3,0,2,0,3,0,2,0,0,0,0,0
test-19:88:104,0,0.07958732,0.18588954210281372,3,0,3,0,3,0,3,0,0,0,0,0
test-19:96:112,0,0.045415517,0.18588954210281372,3,0,3,0,3,0,3,0,0,0,0,0
test-19:104:120,0,0.059785258,0.18588954210281372,3,0,3,0,3,0,3,0,0,0,0,0
test-19:112:128,0,0.12193426,0.18588954210281372,3,0,3,0,3,0,3,0,0,0,0,0
test-19:120:136,0,0.09806777,0.18588954210281372,3,0,2,0,3,0,3,0,0,0,0,0
test-19:128:144,3,0.073493145,0.18588954210281372,3,0,3,0,3,0,3,0,0,0,0,0
test-19:136:152,3,0.101621754,0.18588954210281372,3,0,1,0,3,0,3,0,0,0,3,0
test-19:144:160,3,0.23976152,0.18588954210281372,2,2,3,3,3,3,3,3,3,3,3,3
test-19:152:168,3,0.46756768,0.18588954210281372,2,2,3,3,2,2,3,3,2,2,3,3
test-19:160:176,3,0.8740337,0.18588954210281372,2,2,1,1,2,2,3,3,2,2,3,3
test-19:168:184,3,1.4202482,0.18588954210281372,2,2,1,1,2,2,3,3,2,2,3,3
test-19:176:192,3,1.4154029,0.18588954210281372,2,2,3,3,2,2,3,3,2,2,3,3
test-19:184:200,3,0.66219115,0.18588954210281372,2,2,1,1,1,1,3,3,2,2,3,3
test-19:192:208,0,0.11031718,0.18588954210281372,3,0,3,0,3,0,3,0,0,0,0,0
test-19:200:216,0,0.12678571,0.18588954210281372,3,0,3,0,3,0,3,0,0,0,0,0
test-19:208:224,0,0.121021576,0.18588954210281372,3,0,3,0,1,0,2,0,0,0,0,0
test-19:216:232,0,0.09093464,0.18588954210281372,3,0,3,0,3,0,3,0,0,0,0,0
test-19:224:240,1,0.6345621,0.18588954210281372,1,1,3,3,1,1,1,1,2,2,1,1
test-19:232:248,1,0.6489454,0.18588954210281372,1,1,3,3,1,1,1,1,1,1,1,1
test-19:240:256,0,0.14998817,0.18588954210281372,3,0,3,0,3,0,3,0,0,0,3,0
test-19:248:264,0,0.11972958,0.18588954210281372,3,0,3,0,3,0,3,0,0,0,0,0
test-19:256:272,0,0.147946,0.18588954210281372,1,0,1,0,1,0,3,0,1,0,0,0
test-19:264:280,0,0.1342995,0.18588954210281372,2,0,1,0,1,0,3,0,0,0,0,0
test-19:272:288,0,0.10607433,0.18588954210281372,1,0,3,0,3,0,3,0,0,0,0,0
test-19:280:296,0,0.08190539,0.18588954210281372,3,0,3,0,3,0,3,0,0,0,0,0
test-19:288:304,0,0.1482061,0.18588954210281372,1,0,3,0,1,0,3,0,0,0,0,0
test-19:296:312,0,0.14464404,0.18588954210281372,1,0,1,0,1,0,3,0,0,0,0,0
test-19:304:320,0,0.1050221,0.18588954210281372,3,0,1,0,1,0,3,0,0,0,3,0
test-20:0:16,0,0.09113976,0.18588954210281372,3,0,3,0,3,0,3,0,0,0,0,0
test-20:8:24,0,0.09193885,0.18588954210281372,3,0,3,0,3,0,3,0,0,0,0,0
test-20:16:32,0,0.11155793,0.18588954210281372,3,0,1,0,3,0,3,0,0,0,0,0
test-20:24:40,0,0.096800886,0.18588954210281372,3,0,3,0,3,0,3,0,0,0,3,0
test-20:32:48,0,0.14303763,0.18588954210281372,1,0,1,0,1,0,3,0,1,0,0,0
test-20:40:56,1,0.27716056,0.18588954210281372,1,1,2,2,3,3,1,1,0,0,1,1
test-20:48:64,1,0.25111464,0.18588954210281372,3,3,3,3,3,3,1,1,1,1,1,1
test-20:56:72,0,0.08630245,0.18588954210281372,1,0,3,0,1,0,3,0,1,0,0,0
test-20:64:80,0,0.13183491,0.18588954210281372,3,0,3,0,3,0,3,0,0,0,0,0
test-20:72:88,0,0.103551656,0.18588954210281372,3,0,2,0,3,0,3,0,0,0,0,0
test-20:80:96,0,0.09763154,0.18588954210281372,3,0,1,0,3,0,3,0,0,0,0,0
test-20:88:104,0,0.09800301,0.18588954210281372,1,0,1,0,1,0,3,0,1,0,0,0
test-20:96:112,0,0.103506245,0.18588954210281372,3,0,1,0,3,0,3,0,3,0,3,0
test-20:104:120,0,0.10908139,0.18588954210281372,3,0,3,0,3,0,3,0,3,0,0,0
test-20:112:128,0,0.07913965,0.18588954210281372,3,0,1,0,3,0,3,0,0,0,0,0
test-20:120:136,0,0.064341396,0.18588954210281372,3,0,1,0,3,0,3,0,0,0,0,0
test-20:128:144,3,0.056438636,0.18588954210281372,3,0,1,0,3,0,3,0,0,0,0,0
test-20:136:152,3,0.13292667,0.18588954210281372,3,0,3,0,3,0,3,0,0,0,3,0
test-20:144:160,3,0.2916871,0.18588954210281372,2,2,3,3,2,2,3,3,2,2,3,3
test-20:152:168,3,0.3892015,0.18588954210281372,2,2,3,3,2,2,3,3,2,2,3,3
test-20:160:176,3,0.54354,0.18588954210281372,2,2,3,3,2,2,3,3,2,2,3,3
test-20:168:184,3,0.92536,0.18588954210281372,2,2,2,2,2,2,3,3,2,2,3,3
test-20:176:192,3,0.88829833,0.18588954210281372,2,2,2,2,2,2,3,3,2,2,3,3
test-20:184:200,3,0.37316108,0.18588954210281372,2,2,1,1,3,3,3,3,1,1,3,3
test-20:192:208,0,0.1003201,0.18588954210281372,1,0,3,0,3,0,2,0,3,0,0,0
test-20:200:216,0,0.09354376,0.18588954210281372,3,0,3,0,3,0,3,0,0,0,0,0
test-20:208:224,0,0.071359254,0.18588954210281372,1,0,1,0,1,0,3,0,0,0,0,0
test-20:216:232,0,0.106895454,0.18588954210281372,1,0,1,0,1,0,3,0,0,0,0,0
test-20:224:240,2,0.89375347,0.18588954210281372,3,3,1,1,3,3,2,2,3,3,2,2
test-20:232:248,2,1.7587557,0.18588954210281372,3,3,2,2,3,3,2,2,3,3,2,2
test-20:240:256,2,2.0618603,0.18588954210281372,3,3,2,2,2,2,2,2,3,3,2,2
test-20:248:264,2,2.1670613,0.18588954210281372,2,2,2,2,2,2,2,2,3,3,2,2
test-20:256:272,2,1.3590865,0.18588954210281372,2,2,2,2,3,3,2,2,3,3,2,2
test-20:264:280,2,0.3094455,0.18588954210281372,2,2,2,2,2,2,2,2,0,0,2,2
test-20:272:288,0,0.10727567,0.18588954210281372,3,0,3,0,3,0,3,0,0,0,0,0
test-20:280:296,0,0.13730995,0.18588954210281372,3,0,3,0,1,0,3,0,1,0,0,0
test-20:288:304,0,0.09936295,0.18588954210281372,1,0,1,0,1,0,3,0,0,0,0,0
test-20:296:312,0,0.08035297,0.18588954210281372,1,0,1,0,3,0,3,0,0,0,0,0
test-20:304:320,0,0.12799217,0.18588954210281372,3,0,1,0,3,0,1,0,3,0,0,0
test-21:0:16,0,0.12202623,0.18588954210281372,3,0,1,0,3,0,3,0,3,0,0,0
test-21:8:24,0,0.0961048,0.18588954210281372,3,0,3,0,3,0,3,0,3,0,0,0
test-21:16:32,0,0.09690029,0.18588954210281372,2,0,3,0,2,0,3,0,0,0,0,0
test-21:24:40,0,0.07832814,0.18588954210281372,3,0,3,0,3,0,3,0,0,0,0,0
test-21:32:48,2,0.22699362,0.18588954210281372,3,3,1,1,3,3,2,2,3,3,2,2
test-21:40:56,2,0.37278143,0.18588954210281372,3,3,3,3,3,3,2,2,3,3,2,2
test-21:48:64,2,0.36853018,0.18588954210281372,3,3,3,3,3,3,2,2,3,3,2,2
test-21:56:72,2,0.4119706,0.18588954210281372,2,2,3,3,3,3,2,2,2,2,2,2
test-21:64:80,2,0.37476507,0.18588954210281372,3,3,3,3,2,2,2,2,3,3,2,2
test-21:72:88,2,0.1874749,0.18588954210281372,3,3,3,3,3,3,2,2,0,0,2,2
test-21:80:96,0,0.08970261,0.18588954210281372,3,0,2,0,3,0,3,0,0,0,0,0
test-21:88:104,0,0.11042716,0.18588954210281372,3,0,1,0,3,0,3,0,0,0,0,0
test-21:96:112,0,0.08404078,0.18588954210281372,1,0,1,0,3,0,3,0,0,0,0,0
test-21:104:120,0,0.045461535,0.18588954210281372,3,0,3,0,3,0,3,0,0,0,0,0
test-21:112:128,0,0.07339678,0.18588954210281372,1,0,3,0,1,0,3,0,1,0,0,0
test-21:120:136,0,0.09596995,0.18588954210281372,3,0,1,0,3,0,3,0,0,0,0,0
test-21:128:144,0,0.10899513,0.18588954210281372,3,0,3,0,3,0,3,0,0,0,0,0
test-21:136:152,3,0.09123859,0.18588954210281372,3,0,1,0,3,0,3,0,0,0,3,0
test-21:144:160,3,0.140297,0.18588954210281372,2,0,3,0,2,0,3,0,0,0,3,0
test-21:152:168,3,0.13235947,0.18588954210281372,2,0,2,0,2,0,2,0,2,0,2,0
test-21:160:176,3,0.1828434,0.18588954210281372,2,0,2,0,2,0,3,0,2,0,3,0
test-21:168:184,3,0.3324325,0.18588954210281372,2,2,2,2,2,2,3,3,2,2,3,3
test-21:176:192,3,0.62989014,0.18588954210281372,2,2,3,3,2,2,3,3,2,2,3,3
test-21:184:200,3,0.5132633,0.18588954210281372,2,2,3,3,2,2,3,3,2,2,3,3
test-21:192:208,3,0.16519655,0.18588954210281372,1,0,3,0,1,0,3,0,0,0,3,0
test-21:200:216,0,0.06959239,0.18588954210281372,3,0,3,0,3,0,3,0,0,0,0,0
test-21:208:224,0,0.12364527,0.18588954210281372,1,0,1,0,3,0,3,0,0,0,0,0
test-21:216:232,0,0.13696644,0.18588954210281372,1,0,1,0,3,0,3,0,0,0,0,0
test-21:224:240,1,0.3730391,0.18588954210281372,2,2,2,2,2,2,1,1,2,2,2,2
test-21:232:248,1,0.45628157,0.18588954210281372,1,1,3,3,1,1,1,1,1,1,1,1
test-21:240:256,1,0.15331268,0.18588954210281372,1,0,3,0,1,0,1,0,1,0,1,0
test-21:248:264,0,0.12025216,0.18588954210281372,3,0,3,0,3,0,2,0,0,0,3,0
test-21:256:272,0,0.10467281,0.18588954210281372,3,0,2,0,3,0,3,0,3,0,0,0
test-21:264:280,0,0.07448437,0.18588954210281372,3,0,3,0,3,0,3,0,0,0,0,0
test-21:272:288,0,0.105405964,0.18588954210281372,3,0,3,0,3,0,3,0,0,0,0,0
test-21:280:296,0,0.10714418,0.18588954210281372,3,0,3,0,3,0,3,0,1,0,0,0
test-21:288:304,0,0.1509243,0.18588954210281372,3,0,3,0,3,0,3,0,0,0,3,0
test-21:296:312,0,0.14005171,0.18588954210281372,3,0,2,0,3,0,3,0,0,0,0,0
test-21:304:320,0,0.13151228,0.18588954210281372,1,0,1,0,1,0,3,0,0,0,0,0
test-22:0:16,0,0.069021046,0.18588954210281372,1,0,1,0,3,0,3,0,0,0,0,0
test-22:8:24,0,0.08076008,0.18588954210281372,1,0,3,0,1,0,3,0,1,0,0,0
test-22:16:32,0,0.08806289,0.18588954210281372,3,0,3,0,3,0,3,0,0,0,0,0
test-22:24:40,0,0.11009922,0.18588954210281372,3,0,3,0,3,0,3,0,0,0,0,0
test-22:32:48,3,0.09250009,0.18588954210281372,3,0,2,0,3,0,3,0,0,0,0,0
test-22:40:56,3,0.08755838,0.18588954210281372,3,0,1,0,1,0,3,0,0,0,0,0
test-22:48:64,3,0.27133566,0.18588954210281372,1,1,1,1,1,1,3,3,1,1,3,3
test-22:56:72,3,0.46817592,0.18588954210281372,3,3,3,3,2,2,3,3,3,3,3,3
test-22:64:80,3,0.687285,0.18588954210281372,3,3,2,2,3,3,3,3,3,3,3,3
test-22:72:88,3,1.1320297,0.18588954210281372,3,3,2,2,2,2,3,3,3,3,3,3
test-22:80:96,3,1.2030115,0.18588954210281372,3,3,1,1,1,1,3,3,3,3,3,3
test-22:88:104,3,0.5830235,0.18588954210281372,1,1,1,1,1,1,3,3,1,1,3,3
test-22:96:112,0,0.12638672,0.18588954210281372,1,0,1,0,1,0,3,0,0,0,0,0
test-22:104:120,0,0.07740613,0.18588954210281372,1,0,3,0,1,0,3,0,0,0,3,0
test-22:112:128,0,0.09336177,0.18588954210281372,1,0,3,0,3,0,3,0,0,0,0,0
test-22:120:136,0,0.13260625,0.18588954210281372,2,0,2,0,2,0,3,0,0,0,0,0
test-22:128:144,0,0.1511394,0.18588954210281372,2,0,3,0,3,0,3,0,0,0,0,0
test-22:136:152,1,0.26087412,0.18588954210281372,1,1,1,1,3,3,1,1,0,0,1,1
test-22:144:160,1,0.3374196,0.18588954210281372,2,2,1,1,1,1,1,1,0,0,1,1
test-22:152:168,0,0.15157993,0.18588954210281372,3,0,3,0,3,0,3,0,0,0,0,0
test-22:160:176,0,0.17736453,0.18588954210281372,1,0,1,0,1,0,3,0,1,0,0,0
test-22:168:184,0,0.18415308,0.18588954210281372,1,0,1,0,1,0,3,0,1,0,0,0
test-22:176:192,0,0.16184537,0.18588954210281372,2,0,1,0,2,0,3,0,0,0,0,0
test-22:184:200,0,0.10349602,0.18588954210281372,1,0,1,0,3,0,3,0,0,0,0,0
test-22:192:208,0,0.08696135,0.18588954210281372,3,0,1,0,3,0,3,0,0,0,0,0
test-22:200:216,0,0.087367274,0.18588954210281372,3,0,1,0,3,0,3,0,0,0,0,0
test-22:208:224,0,0.11418065,0.18588954210281372,1,0,1,0,3,0,3,0,0,0,0,0
test-22:216:232,0,0.068878435,0.18588954210281372,1,0,1,0,3,0,3,0,0,0,0,0
test-22:224:240,2,0.6584746,0.18588954210281372,2,2,3,3,2,2,2,2,2,2,2,2
test-22:232:248,2,1.1590728,0.18588954210281372,2,2,2,2,2,2,2,2,2,2,2,2
test-22:240:256,2,1.1532282,0.18588954210281372,2,2,2,2,2,2,2,2,2,2,2,2
test-22:248:264,2,1.2876943,0.18588954210281372,2,2,2,2,2,2,2,2,2,2,2,2
test-22:256:272,2,0.72218394,0.18588954210281372,2,2,1,1,2,2,2,2,2,2,2,2
test-22:264:280,0,0.1261109,0.18588954210281372,1,0,1,0,1,0,3,0,0,0,0,0
test-22:272:288,0,0.10754406,0.18588954210281372,3,0,1,0,3,0,3,0,3,0,0,0
test-22:280:296,0,0.15444092,0.18588954210281372,2,0,1,0,2,0,1,0,2,0,0,0
test-22:288:304,0,0.14166485,0.18588954210281372,2,0,1,0,2,0,3,0,0,0,0,0
test-22:296:312,0,0.09510785,0.18588954210281372,1,0,1,0,1,0,3,0,0,0,0,0
test-22:304:320,0,0.08196735,0.18588954210281372,1,0,1,0,1,0,1,0,0,0,0,0
test-23:0:16,0,0.11918828,0.18588954210281372,1,0,1,0,1,0,3,0,0,0,0,0
test-23:8:24,0,0.12531501,0.18588954210281372,1,0,1,0,1,0,3,0,1,0,0,0
test-23:16:32,0,0.1410847,0.18588954210281372,2,0,3,0,1,0,3,0,2,0,0,0
test-23:24:40,0,0.15540212,0.18588954210281372,2,0,3,0,2,0,3,0,2,0,0,0
test-23:32:48,0,0.16316277,0.18588954210281372,2,0,1,0,2,0,3,0,2,0,0,0
test-23:40:56,2,0.20299996,0.18588954210281372,2,2,1,1,2,2,3,3,2,2,3,3
test-23:48:64,2,0.25881737,0.18588954210281372,2,2,3,3,2,2,3,3,2,2,3,3
test-23:56:72,2,0.36442327,0.18588954210281372,2,2,2,2,2,2,3,3,2,2,3,3
test-23:64:80,2,0.22122003,0.18588954210281372,2,2,2,2,2,2,2,2,2,2,3,3
test-23:72:88,2,0.24989992,0.18588954210281372,2,2,3,3,2,2,3,3,2,2,0,0
test-23:80:96,2,0.22009619,0.18588954210281372,2,2,1,1,2,2,3,3,2,2,0,0
test-23:88:104,0,0.1412472,0.18588954210281372,2,0,2,0,2,0,3,0,2,0,0,0
test-23:96:112,0,0.17128296,0.18588954210281372,2,0,3,0,2,0,3,0,2,0,0,0
test-23:104:120,0,0.14929011,0.18588954210281372,2,0,3,0,2,0,3,0,2,0,0,0
test-23:112:128,0,0.08498622,0.18588954210281372,3,0,3,0,1,0,3,0,0,0,0,0
test-23:120:136,0,0.13439262,0.18588954210281372,1,0,1,0,1,0,3,0,0,0,0,0
test-23:128:144,0,0.16341507,0.18588954210281372,1,0,1,0,1,0,3,0,0,0,0,0
test-23:136:152,1,0.56697404,0.18588954210281372,3,3,1,1,3,3,1,1,1,1,1,1
test-23:144:160,1,0.64698726,0.18588954210281372,3,3,3,3,3,3,1,1,3,3,1,1
test-23:152:168,0,0.1098268,0.18588954210281372,2,0,1,0,2,0,2,0,0,0,0,0
test-23:160:176,0,0.11327317,0.18588954210281372,2,0,1,0,2,0,2,0,0,0,0,0
test-23:168:184,0,0.123048715,0.18588954210281372,2,0,1,0,2,0,3,0,0,0,0,0
test-23:176:192,0,0.1164382,0.18588954210281372,1,0,1,0,2,0,2,0,0,0,0,0
test-23:184:200,0,0.10776711,0.18588954210281372,2,0,3,0,2,0,3,0,2,0,0,0
test-23:192:208,0,0.15048553,0.18588954210281372,2,0,1,0,2,0,2,0,2,0,0,0
test-23:200:216,0,0.14827262,0.18588954210281372,3,0,3,0,1,0,3,0,0,0,0,0
test-23:208:224,0,0.081964545,0.18588954210281372,3,0,3,0,3,0,3,0,0,0,0,0
test-23:216:232,0,0.11069414,0.18588954210281372,1,0,2,0,1,0,3,0,0,0,0,0
test-23:224:240,0,0.15138619,0.18588954210281372,1,0,1,0,1,0,3,0,1,0,0,0
test-23:232:248,3,0.22820558,0.18588954210281372,2,2,1,1,2,2,3,3,2,2,0,0
test-23:240:256,3,0.291066,0.18588954210281372,2,2,1,1,1,1,3,3,2,2,3,3
test-23:248:264,3,0.82518834,0.18588954210281372,2,2,1,1,2,2,3,3,2,2,3,3
test-23:256:272,3,1.3294542,0.18588954210281372,2,2,2,2,2,2,3,3,2,2,3,3
test-23:264:280,3,1.986652,0.18588954210281372,2,2,2,2,1,1,3,3,2,2,3,3
test-23:272:288,3,2.918188,0.18588954210281372,2,2,2,2,1,1,3,3,2,2,3,3
test-23:280:296,3,2.4213862,0.18588954210281372,2,2,2,2,1,1,3,3,2,2,3,3
test-23:288:304,3,0.514257,0.18588954210281372,1,1,1,1,1,1,3,3,1,1,3,3
test-23:296:312,0,0.14811385,0.18588954210281372,2,0,1,0,2,0,3,0,0,0,0,0
test-23:304:320,0,0.21055664,0.18588954210281372,2,2,3,3,2,2,3,3,2,2,0,0
